timestamp,sensor_id,vehicle_speed (km/h),latitude,longitude,traffic_pattern,incident_report,accident_hotspot,event_type
06-12-2024 08:00,Vehicle_1,114,34.54926151,-79.30136854,Clear,None,0,Accident
06-12-2024 08:15,Vehicle_2,63,36.81897256,-97.57893133,Heavy,Breakdown,1,Normal
06-12-2024 08:30,Vehicle_3,67,39.89604505,-111.7339754,Moderate,Police Blockade,0,Accident
06-12-2024 08:45,Vehicle_4,24,34.22040303,-99.54087924,Moderate,Police Blockade,0,Congestion
06-12-2024 09:00,Vehicle_5,62,38.48441454,-109.6230577,Heavy,Accident,0,Congestion
06-12-2024 09:15,Vehicle_6,33,38.67727952,-87.59237957,Heavy,Police Blockade,0,Accident
06-12-2024 09:30,Vehicle_7,79,37.98355446,-97.84793594,Clear,Traffic Jam,0,Normal
06-12-2024 09:45,Vehicle_8,44,37.95666124,-106.1607987,Clear,Traffic Jam,0,Accident
06-12-2024 10:00,Vehicle_9,34,38.23071479,-73.82381312,Heavy,Accident,0,Normal
06-12-2024 10:15,Vehicle_10,39,36.13303755,-106.6577798,Light,Accident,0,Congestion
06-12-2024 10:30,Vehicle_1,56,39.04773883,-95.53222572,Light,Breakdown,1,Congestion
06-12-2024 10:45,Vehicle_2,66,36.26349187,-77.0331413,Light,Accident,0,Normal
06-12-2024 11:00,Vehicle_3,88,37.91811106,-74.22883968,Moderate,Police Blockade,0,Accident
06-12-2024 11:15,Vehicle_4,100,38.55062889,-118.3728544,Moderate,Accident,0,Congestion
06-12-2024 11:30,Vehicle_5,91,36.21352673,-101.6735555,Moderate,None,1,Congestion
06-12-2024 11:45,Vehicle_6,113,34.22037485,-110.9273425,Moderate,Accident,1,Accident
06-12-2024 12:00,Vehicle_7,115,34.92046838,-112.4887454,Clear,Police Blockade,0,Congestion
06-12-2024 12:15,Vehicle_8,96,36.86791266,-98.45542749,Moderate,Accident,0,Congestion
06-12-2024 12:30,Vehicle_9,63,38.20556313,-114.0515257,Moderate,Police Blockade,1,Congestion
06-12-2024 12:45,Vehicle_10,43,36.03445449,-83.13106996,Light,Traffic Jam,0,Accident
06-12-2024 13:00,Vehicle_1,25,35.98573742,-108.3462228,Moderate,Police Blockade,0,Accident
06-12-2024 13:15,Vehicle_2,38,39.10920356,-79.91782381,Light,None,0,Congestion
06-12-2024 13:30,Vehicle_3,45,36.04452344,-94.55747828,Moderate,Accident,0,Congestion
06-12-2024 13:45,Vehicle_4,103,37.44630601,-95.60845403,Heavy,Police Blockade,0,Congestion
06-12-2024 14:00,Vehicle_5,79,39.18091249,-91.42794443,Light,Accident,0,Normal
06-12-2024 14:15,Vehicle_6,60,39.39085482,-77.37719618,Clear,Traffic Jam,1,Accident
06-12-2024 14:30,Vehicle_7,50,38.52176142,-105.3655006,Clear,Accident,0,Normal
06-12-2024 14:45,Vehicle_8,24,39.56659245,-93.17240023,Clear,Police Blockade,0,Normal
06-12-2024 15:00,Vehicle_9,110,35.69777063,-76.54827774,Heavy,Accident,0,Congestion
06-12-2024 15:15,Vehicle_10,60,35.71216424,-79.4624573,Moderate,Traffic Jam,1,Accident
06-12-2024 15:30,Vehicle_1,64,36.82673947,-104.4492174,Clear,None,1,Congestion
06-12-2024 15:45,Vehicle_2,113,36.29562632,-82.13266235,Heavy,Breakdown,0,Normal
06-12-2024 16:00,Vehicle_3,37,39.48914525,-98.14041559,Moderate,None,0,Normal
06-12-2024 16:15,Vehicle_4,44,38.89886595,-78.0609223,Moderate,Accident,1,Normal
06-12-2024 16:30,Vehicle_5,59,34.85250483,-103.9653829,Heavy,Breakdown,0,Congestion
06-12-2024 16:45,Vehicle_6,91,37.39884903,-106.3067507,Moderate,None,0,Normal
06-12-2024 17:00,Vehicle_7,113,36.80041101,-78.19128484,Clear,Police Blockade,0,Congestion
06-12-2024 17:15,Vehicle_8,46,38.05557113,-106.1573257,Moderate,Police Blockade,0,Congestion
06-12-2024 17:30,Vehicle_9,55,35.13693573,-103.9738767,Heavy,Accident,0,Accident
06-12-2024 17:45,Vehicle_10,59,37.89357429,-85.31412481,Light,Police Blockade,1,Congestion
06-12-2024 18:00,Vehicle_1,80,38.51334636,-109.6142204,Heavy,Police Blockade,1,Accident
06-12-2024 18:15,Vehicle_2,44,38.41359759,-109.2466042,Moderate,Traffic Jam,0,Congestion
06-12-2024 18:30,Vehicle_3,20,34.76442385,-96.07551247,Heavy,None,0,Normal
06-12-2024 18:45,Vehicle_4,49,35.37361137,-85.63830645,Clear,Accident,0,Accident
06-12-2024 19:00,Vehicle_5,84,39.10798113,-116.7655212,Heavy,Traffic Jam,0,Accident
06-12-2024 19:15,Vehicle_6,38,35.20388144,-79.18208027,Light,Breakdown,0,Normal
06-12-2024 19:30,Vehicle_7,76,38.25760364,-88.83969088,Heavy,Traffic Jam,0,Accident
06-12-2024 19:45,Vehicle_8,103,36.84578945,-114.8126591,Moderate,Traffic Jam,0,Accident
06-12-2024 20:00,Vehicle_9,29,39.73053534,-104.6532488,Clear,Accident,0,Accident
06-12-2024 20:15,Vehicle_10,36,34.60990035,-81.96758174,Clear,Breakdown,0,Accident
06-12-2024 20:30,Vehicle_1,20,35.37789595,-84.09740194,Clear,Police Blockade,0,Congestion
06-12-2024 20:45,Vehicle_2,104,37.33243673,-80.70359848,Moderate,None,0,Congestion
06-12-2024 21:00,Vehicle_3,90,38.68683334,-101.14687,Moderate,None,0,Congestion
06-12-2024 21:15,Vehicle_4,26,35.21509682,-113.1109439,Light,Accident,0,Accident
06-12-2024 21:30,Vehicle_5,109,38.22736738,-100.1723012,Light,Traffic Jam,0,Accident
06-12-2024 21:45,Vehicle_6,20,35.20055244,-100.6741267,Moderate,Breakdown,0,Accident
06-12-2024 22:00,Vehicle_7,42,38.98907097,-74.67273555,Light,None,0,Accident
06-12-2024 22:15,Vehicle_8,91,35.29517353,-103.451884,Moderate,Police Blockade,0,Accident
06-12-2024 22:30,Vehicle_9,114,39.3841396,-73.90859799,Moderate,Traffic Jam,0,Normal
06-12-2024 22:45,Vehicle_10,40,35.5881641,-86.98582112,Light,Breakdown,0,Normal
06-12-2024 23:00,Vehicle_1,42,38.61371035,-74.23496343,Light,Police Blockade,0,Congestion
06-12-2024 23:15,Vehicle_2,74,36.15470988,-101.6330475,Moderate,None,0,Congestion
06-12-2024 23:30,Vehicle_3,44,34.63605672,-115.8150069,Moderate,Accident,0,Normal
06-12-2024 23:45,Vehicle_4,118,34.10807411,-102.1417559,Heavy,None,0,Normal
07-12-2024 00:00,Vehicle_5,28,37.9502838,-81.40953391,Clear,None,0,Normal
07-12-2024 00:15,Vehicle_6,27,35.72235442,-107.7441579,Clear,Breakdown,0,Congestion
07-12-2024 00:30,Vehicle_7,34,38.44745171,-79.34678802,Light,None,0,Congestion
07-12-2024 00:45,Vehicle_8,61,37.4611684,-107.4521922,Moderate,Breakdown,1,Normal
07-12-2024 01:00,Vehicle_9,61,37.56442081,-104.3878486,Moderate,Police Blockade,0,Accident
07-12-2024 01:15,Vehicle_10,57,37.83220811,-100.9671702,Heavy,Breakdown,0,Normal
07-12-2024 01:30,Vehicle_1,115,35.96503929,-109.0614042,Light,Police Blockade,0,Congestion
07-12-2024 01:45,Vehicle_2,34,38.26951914,-113.435875,Moderate,Breakdown,0,Accident
07-12-2024 02:00,Vehicle_3,101,36.40138487,-81.99989609,Heavy,Accident,0,Congestion
07-12-2024 02:15,Vehicle_4,28,38.57752339,-100.4732238,Clear,None,1,Normal
07-12-2024 02:30,Vehicle_5,112,38.51956922,-82.40914616,Heavy,Accident,0,Congestion
07-12-2024 02:45,Vehicle_6,98,35.90611369,-117.749486,Clear,Accident,0,Accident
07-12-2024 03:00,Vehicle_7,44,36.57536502,-90.48774723,Moderate,None,0,Normal
07-12-2024 03:15,Vehicle_8,71,34.40645451,-99.85545783,Moderate,Police Blockade,0,Normal
07-12-2024 03:30,Vehicle_9,52,39.82902538,-109.5967553,Clear,Breakdown,0,Accident
07-12-2024 03:45,Vehicle_10,25,35.42937376,-90.36902691,Moderate,Police Blockade,0,Congestion
07-12-2024 04:00,Vehicle_1,22,38.75251754,-114.7150814,Heavy,Breakdown,0,Accident
07-12-2024 04:15,Vehicle_2,61,37.25712389,-89.22052745,Heavy,None,1,Congestion
07-12-2024 04:30,Vehicle_3,101,39.69307273,-110.3385647,Heavy,None,0,Congestion
07-12-2024 04:45,Vehicle_4,39,35.91142379,-102.8335412,Moderate,Breakdown,0,Congestion
07-12-2024 05:00,Vehicle_5,117,37.96669868,-101.9016962,Heavy,Police Blockade,0,Accident
07-12-2024 05:15,Vehicle_6,93,34.50679253,-96.71328067,Heavy,Accident,0,Congestion
07-12-2024 05:30,Vehicle_7,118,34.14143758,-113.47945,Heavy,Accident,0,Congestion
07-12-2024 05:45,Vehicle_8,77,38.72439131,-108.3987676,Heavy,Accident,0,Accident
07-12-2024 06:00,Vehicle_9,44,37.81963284,-85.19709111,Heavy,Breakdown,0,Congestion
07-12-2024 06:15,Vehicle_10,103,35.18216285,-82.16237482,Heavy,Accident,0,Congestion
07-12-2024 06:30,Vehicle_1,114,34.06652345,-95.70094245,Light,Traffic Jam,0,Congestion
07-12-2024 06:45,Vehicle_2,82,35.23111274,-89.32360108,Heavy,Breakdown,1,Congestion
07-12-2024 07:00,Vehicle_3,83,35.99698087,-90.80268789,Light,Police Blockade,1,Accident
07-12-2024 07:15,Vehicle_4,35,39.49124127,-75.18228041,Clear,Police Blockade,0,Congestion
07-12-2024 07:30,Vehicle_5,32,36.11024304,-84.53424738,Light,None,0,Accident
07-12-2024 07:45,Vehicle_6,68,38.35494149,-118.3654344,Heavy,Accident,0,Congestion
07-12-2024 08:00,Vehicle_7,23,37.82048378,-105.3827082,Clear,Accident,0,Congestion
07-12-2024 08:15,Vehicle_8,61,35.69387208,-96.21625187,Moderate,Accident,0,Congestion
07-12-2024 08:30,Vehicle_9,20,38.70460331,-109.4137767,Clear,None,0,Accident
07-12-2024 08:45,Vehicle_10,75,37.99448885,-100.7164625,Heavy,Accident,0,Accident
07-12-2024 09:00,Vehicle_1,75,36.35545826,-87.7239813,Moderate,Police Blockade,1,Normal
07-12-2024 09:15,Vehicle_2,43,38.30761817,-82.89674374,Light,Accident,1,Normal
07-12-2024 09:30,Vehicle_3,36,37.23671581,-107.0668073,Clear,Police Blockade,0,Accident
07-12-2024 09:45,Vehicle_4,95,38.4862855,-101.4833478,Light,Police Blockade,0,Accident
07-12-2024 10:00,Vehicle_5,110,34.1726875,-97.64419667,Clear,Traffic Jam,0,Congestion
07-12-2024 10:15,Vehicle_6,112,36.23398638,-78.96825,Light,Police Blockade,0,Congestion
07-12-2024 10:30,Vehicle_7,76,38.60314879,-101.1377418,Moderate,Traffic Jam,0,Normal
07-12-2024 10:45,Vehicle_8,90,38.83344414,-74.31976272,Clear,Traffic Jam,0,Accident
07-12-2024 11:00,Vehicle_9,48,37.325533,-79.65774239,Heavy,Police Blockade,0,Congestion
07-12-2024 11:15,Vehicle_10,94,39.1629077,-74.68416138,Moderate,Accident,0,Accident
07-12-2024 11:30,Vehicle_1,97,36.88073806,-89.74872981,Clear,None,0,Normal
07-12-2024 11:45,Vehicle_2,118,39.2435528,-83.33627851,Clear,None,0,Accident
07-12-2024 12:00,Vehicle_3,33,35.70668683,-94.7816106,Clear,Breakdown,0,Normal
07-12-2024 12:15,Vehicle_4,117,35.46486886,-76.84896557,Heavy,Police Blockade,0,Congestion
07-12-2024 12:30,Vehicle_5,55,39.79818736,-81.43644212,Heavy,None,0,Accident
07-12-2024 12:45,Vehicle_6,44,36.80635623,-78.51356061,Heavy,Accident,1,Congestion
07-12-2024 13:00,Vehicle_7,28,36.26060599,-94.41070314,Moderate,Traffic Jam,1,Congestion
07-12-2024 13:15,Vehicle_8,119,34.92088735,-110.5517569,Light,Breakdown,0,Congestion
07-12-2024 13:30,Vehicle_9,89,35.96906421,-110.0274248,Clear,None,0,Congestion
07-12-2024 13:45,Vehicle_10,22,39.25596041,-99.82309685,Clear,Breakdown,0,Normal
07-12-2024 14:00,Vehicle_1,101,37.55700147,-89.56731019,Light,Traffic Jam,0,Congestion
07-12-2024 14:15,Vehicle_2,21,35.2397831,-79.74314416,Moderate,Traffic Jam,0,Accident
07-12-2024 14:30,Vehicle_3,20,36.7123608,-118.0624481,Moderate,None,1,Normal
07-12-2024 14:45,Vehicle_4,115,36.49241162,-113.1506711,Moderate,None,1,Accident
07-12-2024 15:00,Vehicle_5,45,38.53939282,-79.29880631,Clear,None,0,Accident
07-12-2024 15:15,Vehicle_6,102,35.3385782,-93.14854603,Heavy,None,0,Congestion
07-12-2024 15:30,Vehicle_7,73,35.11146829,-112.4090632,Moderate,None,0,Accident
07-12-2024 15:45,Vehicle_8,96,38.22958508,-91.19049371,Heavy,Traffic Jam,0,Normal
07-12-2024 16:00,Vehicle_9,45,37.90333405,-108.785385,Light,Accident,0,Accident
07-12-2024 16:15,Vehicle_10,110,39.19473511,-78.02048422,Moderate,Breakdown,0,Normal
07-12-2024 16:30,Vehicle_1,84,38.28853502,-107.469765,Moderate,None,0,Accident
07-12-2024 16:45,Vehicle_2,30,36.36448341,-80.56609708,Light,Breakdown,1,Normal
07-12-2024 17:00,Vehicle_3,58,35.34937763,-87.26300658,Clear,None,0,Congestion
07-12-2024 17:15,Vehicle_4,20,39.65845847,-87.29559232,Moderate,Traffic Jam,0,Congestion
07-12-2024 17:30,Vehicle_5,75,34.96277671,-109.8341556,Light,Traffic Jam,0,Normal
07-12-2024 17:45,Vehicle_6,104,37.58698046,-104.043548,Moderate,Traffic Jam,0,Accident
07-12-2024 18:00,Vehicle_7,81,34.02947956,-88.92990337,Clear,Breakdown,0,Congestion
07-12-2024 18:15,Vehicle_8,94,37.82617228,-73.99223178,Moderate,Breakdown,1,Congestion
07-12-2024 18:30,Vehicle_9,45,37.59956882,-82.88413862,Light,None,0,Congestion
07-12-2024 18:45,Vehicle_10,92,36.4177264,-85.07727788,Moderate,None,0,Accident
07-12-2024 19:00,Vehicle_1,72,39.31658139,-115.1251799,Heavy,Traffic Jam,1,Congestion
07-12-2024 19:15,Vehicle_2,22,39.77492207,-75.58791967,Heavy,Breakdown,0,Congestion
07-12-2024 19:30,Vehicle_3,101,34.09585837,-105.0352208,Light,None,0,Accident
07-12-2024 19:45,Vehicle_4,39,35.36140161,-88.75664189,Clear,Traffic Jam,0,Accident
07-12-2024 20:00,Vehicle_5,96,37.27379821,-111.2838746,Clear,Police Blockade,0,Normal
07-12-2024 20:15,Vehicle_6,84,36.65603527,-85.59794044,Clear,Police Blockade,0,Congestion
07-12-2024 20:30,Vehicle_7,108,36.83968895,-99.16108924,Moderate,Accident,1,Accident
07-12-2024 20:45,Vehicle_8,78,34.43297464,-101.6863006,Heavy,None,0,Accident
07-12-2024 21:00,Vehicle_9,95,35.08823266,-113.0488222,Moderate,None,0,Accident
07-12-2024 21:15,Vehicle_10,42,37.01847567,-116.9074493,Heavy,Police Blockade,0,Congestion
07-12-2024 21:30,Vehicle_1,110,35.97873856,-116.6039126,Light,Breakdown,1,Congestion
07-12-2024 21:45,Vehicle_2,72,35.50330992,-111.7692914,Light,None,0,Congestion
07-12-2024 22:00,Vehicle_3,65,35.68361039,-117.3208021,Light,Accident,0,Normal
07-12-2024 22:15,Vehicle_4,118,34.34109358,-110.5695203,Clear,Accident,0,Accident
07-12-2024 22:30,Vehicle_5,82,35.5132217,-83.4301243,Moderate,Traffic Jam,0,Normal
07-12-2024 22:45,Vehicle_6,105,37.77219602,-108.6750962,Clear,Police Blockade,0,Accident
07-12-2024 23:00,Vehicle_7,46,39.69152177,-89.98575637,Moderate,Accident,0,Congestion
07-12-2024 23:15,Vehicle_8,46,37.7517979,-81.47769695,Light,Traffic Jam,0,Accident
07-12-2024 23:30,Vehicle_9,41,39.93592552,-115.7185793,Moderate,Traffic Jam,0,Accident
07-12-2024 23:45,Vehicle_10,43,37.82178993,-80.99540726,Clear,Traffic Jam,0,Normal
08-12-2024 00:00,Vehicle_1,89,34.59736239,-81.14825273,Moderate,Traffic Jam,0,Normal
08-12-2024 00:15,Vehicle_2,85,38.6069624,-78.55574028,Moderate,Accident,0,Normal
08-12-2024 00:30,Vehicle_3,118,37.76612665,-75.93920527,Clear,None,0,Accident
08-12-2024 00:45,Vehicle_4,52,39.15969125,-116.2151965,Light,Police Blockade,0,Accident
08-12-2024 01:00,Vehicle_5,25,36.43131687,-94.09212033,Clear,None,0,Congestion
08-12-2024 01:15,Vehicle_6,34,35.25831641,-108.124523,Heavy,None,0,Accident
08-12-2024 01:30,Vehicle_7,83,36.51721172,-107.6066111,Light,Breakdown,0,Normal
08-12-2024 01:45,Vehicle_8,102,34.57007015,-92.38259664,Clear,Breakdown,0,Normal
08-12-2024 02:00,Vehicle_9,94,36.28068519,-78.90749757,Heavy,None,0,Congestion
08-12-2024 02:15,Vehicle_10,56,34.15691693,-96.72855035,Light,Breakdown,0,Congestion
08-12-2024 02:30,Vehicle_1,65,39.35057627,-105.8353074,Clear,None,1,Accident
08-12-2024 02:45,Vehicle_2,21,34.86786682,-79.78508871,Clear,Breakdown,0,Accident
08-12-2024 03:00,Vehicle_3,20,36.7098964,-90.44939764,Heavy,Accident,1,Normal
08-12-2024 03:15,Vehicle_4,119,38.20337232,-108.1589184,Clear,Breakdown,0,Normal
08-12-2024 03:30,Vehicle_5,98,37.27990407,-101.6258306,Heavy,Breakdown,0,Accident
08-12-2024 03:45,Vehicle_6,30,37.92025806,-82.3358428,Heavy,Breakdown,0,Accident
08-12-2024 04:00,Vehicle_7,106,38.63628371,-91.68823734,Heavy,Police Blockade,0,Normal
08-12-2024 04:15,Vehicle_8,71,38.93792938,-81.4799255,Heavy,Traffic Jam,0,Normal
08-12-2024 04:30,Vehicle_9,39,39.4556272,-113.8792088,Light,Police Blockade,0,Accident
08-12-2024 04:45,Vehicle_10,119,35.73289949,-74.55460498,Light,Breakdown,0,Normal
08-12-2024 05:00,Vehicle_1,27,38.23965969,-108.1361035,Moderate,Traffic Jam,0,Congestion
08-12-2024 05:15,Vehicle_2,50,34.3733034,-74.22754769,Heavy,Breakdown,0,Accident
08-12-2024 05:30,Vehicle_3,46,34.0216581,-109.4971785,Heavy,Accident,1,Congestion
08-12-2024 05:45,Vehicle_4,76,38.51829874,-83.3052952,Light,Traffic Jam,0,Normal
08-12-2024 06:00,Vehicle_5,89,38.0032069,-81.23932042,Heavy,Police Blockade,0,Congestion
08-12-2024 06:15,Vehicle_6,62,35.9084873,-83.12743528,Heavy,None,0,Normal
08-12-2024 06:30,Vehicle_7,104,38.95475,-79.07370092,Moderate,Accident,0,Normal
08-12-2024 06:45,Vehicle_8,72,35.76622607,-88.71430242,Light,None,1,Normal
08-12-2024 07:00,Vehicle_9,103,36.5190643,-76.69829286,Heavy,Police Blockade,0,Accident
08-12-2024 07:15,Vehicle_10,25,38.57169117,-106.6438838,Clear,Traffic Jam,0,Congestion
08-12-2024 07:30,Vehicle_1,77,36.28981477,-116.4783567,Heavy,None,0,Congestion
08-12-2024 07:45,Vehicle_2,119,35.65543915,-90.48199316,Heavy,None,0,Accident
08-12-2024 08:00,Vehicle_3,57,37.33102734,-74.71294114,Clear,None,0,Congestion
08-12-2024 08:15,Vehicle_4,92,39.20820326,-118.0051993,Heavy,Accident,0,Accident
08-12-2024 08:30,Vehicle_5,32,37.12562249,-88.23597264,Moderate,Accident,0,Accident
08-12-2024 08:45,Vehicle_6,31,35.69375506,-96.11931316,Light,Police Blockade,0,Congestion
08-12-2024 09:00,Vehicle_7,105,39.22833395,-80.06548413,Clear,Police Blockade,0,Accident
08-12-2024 09:15,Vehicle_8,55,39.92618059,-90.92223476,Heavy,Police Blockade,0,Congestion
08-12-2024 09:30,Vehicle_9,56,39.30923383,-74.19332205,Moderate,None,0,Congestion
08-12-2024 09:45,Vehicle_10,34,36.30561557,-94.14745988,Moderate,None,0,Normal
08-12-2024 10:00,Vehicle_1,99,35.26705724,-85.85002603,Heavy,None,0,Congestion
08-12-2024 10:15,Vehicle_2,104,35.81973017,-117.3877012,Clear,Breakdown,0,Normal
08-12-2024 10:30,Vehicle_3,42,37.70441896,-95.13774213,Clear,None,1,Accident
08-12-2024 10:45,Vehicle_4,84,38.2092771,-75.39798969,Moderate,Breakdown,0,Congestion
08-12-2024 11:00,Vehicle_5,52,34.10620792,-92.11492727,Clear,Police Blockade,1,Congestion
08-12-2024 11:15,Vehicle_6,74,36.41985901,-113.4985414,Clear,Accident,0,Congestion
08-12-2024 11:30,Vehicle_7,41,37.94696824,-94.82276078,Moderate,Traffic Jam,1,Congestion
08-12-2024 11:45,Vehicle_8,46,39.5070787,-94.17497076,Light,Breakdown,0,Normal
08-12-2024 12:00,Vehicle_9,75,39.59554047,-88.59448289,Light,Police Blockade,0,Accident
08-12-2024 12:15,Vehicle_10,85,39.30040074,-112.9969282,Light,None,0,Congestion
08-12-2024 12:30,Vehicle_1,87,38.67533638,-109.4817472,Heavy,None,0,Congestion
08-12-2024 12:45,Vehicle_2,33,34.76439225,-104.0246419,Heavy,Traffic Jam,0,Accident
08-12-2024 13:00,Vehicle_3,49,39.01891115,-109.3815044,Light,Traffic Jam,1,Accident
08-12-2024 13:15,Vehicle_4,34,34.18455865,-94.58231672,Clear,Accident,0,Accident
08-12-2024 13:30,Vehicle_5,83,36.2849212,-82.37846213,Moderate,Traffic Jam,0,Congestion
08-12-2024 13:45,Vehicle_6,112,34.80618634,-111.3716348,Moderate,None,0,Congestion
08-12-2024 14:00,Vehicle_7,95,35.55409635,-89.48518174,Light,None,0,Accident
08-12-2024 14:15,Vehicle_8,82,35.26039093,-97.97199164,Clear,None,0,Accident
08-12-2024 14:30,Vehicle_9,69,34.17798665,-99.34102795,Light,Traffic Jam,0,Normal
08-12-2024 14:45,Vehicle_10,82,37.93200392,-109.9477554,Clear,Traffic Jam,0,Accident
08-12-2024 15:00,Vehicle_1,118,38.84053212,-104.8886995,Light,None,0,Normal
08-12-2024 15:15,Vehicle_2,84,35.01749697,-117.8185706,Clear,Traffic Jam,1,Normal
08-12-2024 15:30,Vehicle_3,118,35.58690364,-105.4413065,Clear,Breakdown,0,Normal
08-12-2024 15:45,Vehicle_4,92,37.00909921,-93.63643671,Light,Accident,0,Accident
08-12-2024 16:00,Vehicle_5,93,34.19073653,-101.2366716,Light,None,0,Accident
08-12-2024 16:15,Vehicle_6,37,38.02214121,-103.9930831,Moderate,Traffic Jam,0,Congestion
08-12-2024 16:30,Vehicle_7,24,39.16916458,-91.56478584,Light,Traffic Jam,0,Congestion
08-12-2024 16:45,Vehicle_8,47,37.16254463,-92.43599543,Light,Breakdown,0,Congestion
08-12-2024 17:00,Vehicle_9,74,35.45975309,-96.90704662,Clear,Traffic Jam,0,Congestion
08-12-2024 17:15,Vehicle_10,75,35.76427314,-96.1884362,Clear,None,0,Accident
08-12-2024 17:30,Vehicle_1,102,36.38759549,-116.4092704,Moderate,None,0,Congestion
08-12-2024 17:45,Vehicle_2,24,39.74510695,-81.07381216,Clear,Police Blockade,0,Congestion
08-12-2024 18:00,Vehicle_3,97,39.62380058,-113.2301109,Clear,Police Blockade,0,Normal
08-12-2024 18:15,Vehicle_4,69,36.63216057,-77.64546682,Heavy,None,0,Accident
08-12-2024 18:30,Vehicle_5,47,35.26928825,-95.17880377,Moderate,Police Blockade,0,Congestion
08-12-2024 18:45,Vehicle_6,50,36.55957749,-78.04109487,Clear,Police Blockade,1,Accident
08-12-2024 19:00,Vehicle_7,22,35.5786107,-101.7790241,Light,Accident,1,Normal
08-12-2024 19:15,Vehicle_8,44,38.32213476,-100.3995911,Light,None,0,Congestion
08-12-2024 19:30,Vehicle_9,69,37.91565192,-93.44857439,Heavy,Breakdown,0,Accident
08-12-2024 19:45,Vehicle_10,64,38.09904643,-118.4502749,Heavy,Police Blockade,0,Congestion
08-12-2024 20:00,Vehicle_1,104,36.024522,-113.2344894,Heavy,Accident,0,Accident
08-12-2024 20:15,Vehicle_2,42,34.27533163,-84.02182906,Light,Traffic Jam,0,Accident
08-12-2024 20:30,Vehicle_3,106,34.12741758,-93.01174712,Light,Traffic Jam,0,Accident
08-12-2024 20:45,Vehicle_4,89,34.59021968,-116.9804225,Moderate,Traffic Jam,0,Accident
08-12-2024 21:00,Vehicle_5,72,38.88720983,-78.39310931,Light,Police Blockade,0,Congestion
08-12-2024 21:15,Vehicle_6,76,38.24290836,-91.39683069,Heavy,Breakdown,0,Accident
08-12-2024 21:30,Vehicle_7,45,38.74329122,-80.97126214,Moderate,Accident,0,Accident
08-12-2024 21:45,Vehicle_8,89,39.76853072,-80.04953236,Heavy,Breakdown,0,Accident
08-12-2024 22:00,Vehicle_9,35,36.01355114,-113.4197785,Clear,Police Blockade,0,Congestion
08-12-2024 22:15,Vehicle_10,114,36.91030584,-87.66988717,Moderate,Police Blockade,1,Accident
08-12-2024 22:30,Vehicle_1,80,39.0941494,-107.98875,Light,Traffic Jam,1,Accident
08-12-2024 22:45,Vehicle_2,44,37.56117456,-83.14732409,Heavy,Breakdown,0,Normal
08-12-2024 23:00,Vehicle_3,56,34.42241327,-84.76526506,Clear,None,0,Normal
08-12-2024 23:15,Vehicle_4,33,38.95195329,-97.77165171,Clear,Breakdown,0,Normal
08-12-2024 23:30,Vehicle_5,91,36.65531003,-112.6764402,Heavy,Police Blockade,0,Accident
08-12-2024 23:45,Vehicle_6,74,37.4103834,-98.22186756,Clear,None,0,Accident
09-12-2024 00:00,Vehicle_7,86,37.48362076,-74.54624604,Heavy,None,0,Accident
09-12-2024 00:15,Vehicle_8,53,38.84256016,-109.0848803,Light,Accident,0,Congestion
09-12-2024 00:30,Vehicle_9,115,34.56665738,-101.5452974,Clear,Traffic Jam,0,Accident
09-12-2024 00:45,Vehicle_10,81,34.28861588,-77.74006026,Heavy,Breakdown,0,Normal
09-12-2024 01:00,Vehicle_1,63,36.48175677,-115.0889057,Moderate,Police Blockade,0,Congestion
09-12-2024 01:15,Vehicle_2,77,34.25679758,-108.3345761,Heavy,Traffic Jam,1,Normal
09-12-2024 01:30,Vehicle_3,23,34.27225885,-114.2773389,Moderate,Traffic Jam,1,Accident
09-12-2024 01:45,Vehicle_4,60,39.86868846,-85.06905642,Light,Accident,0,Normal
09-12-2024 02:00,Vehicle_5,91,34.48678636,-92.57470881,Moderate,Accident,0,Accident
09-12-2024 02:15,Vehicle_6,119,38.3781506,-77.19829857,Light,Traffic Jam,0,Normal
09-12-2024 02:30,Vehicle_7,114,39.7549681,-113.9496662,Clear,None,0,Normal
09-12-2024 02:45,Vehicle_8,80,36.18965669,-117.3824155,Light,Breakdown,0,Accident
09-12-2024 03:00,Vehicle_9,112,37.96539131,-77.92731642,Moderate,Accident,0,Accident
09-12-2024 03:15,Vehicle_10,66,35.2337211,-84.45224017,Clear,None,0,Normal
09-12-2024 03:30,Vehicle_1,98,37.23382505,-85.27564806,Moderate,Breakdown,0,Congestion
09-12-2024 03:45,Vehicle_2,57,38.73810476,-75.7804164,Heavy,Breakdown,1,Normal
09-12-2024 04:00,Vehicle_3,53,34.97846207,-79.09030375,Clear,Police Blockade,0,Accident
09-12-2024 04:15,Vehicle_4,59,38.3065298,-81.68460051,Clear,Accident,0,Normal
09-12-2024 04:30,Vehicle_5,39,39.9714503,-98.14198403,Moderate,None,0,Congestion
09-12-2024 04:45,Vehicle_6,52,39.14089744,-89.43777794,Moderate,None,0,Accident
09-12-2024 05:00,Vehicle_7,97,34.80789205,-83.16319053,Heavy,Police Blockade,0,Congestion
09-12-2024 05:15,Vehicle_8,51,39.43629815,-74.94615123,Light,Police Blockade,0,Normal
09-12-2024 05:30,Vehicle_9,112,39.09544656,-115.8879742,Clear,Police Blockade,1,Accident
09-12-2024 05:45,Vehicle_10,82,36.80819236,-102.9828834,Moderate,Accident,0,Congestion
09-12-2024 06:00,Vehicle_1,102,35.14631185,-81.03228988,Light,Accident,0,Normal
09-12-2024 06:15,Vehicle_2,71,39.95779873,-108.2279032,Light,Accident,0,Normal
09-12-2024 06:30,Vehicle_3,53,35.00217635,-105.667776,Moderate,Police Blockade,0,Accident
09-12-2024 06:45,Vehicle_4,75,36.63145981,-101.3595902,Heavy,Police Blockade,0,Accident
09-12-2024 07:00,Vehicle_5,43,35.6532693,-102.7531165,Moderate,Police Blockade,1,Congestion
09-12-2024 07:15,Vehicle_6,53,39.44277496,-92.19864119,Moderate,Traffic Jam,0,Normal
09-12-2024 07:30,Vehicle_7,95,37.92280643,-86.73111126,Heavy,None,0,Accident
09-12-2024 07:45,Vehicle_8,118,37.60834798,-94.51644306,Heavy,None,0,Congestion
09-12-2024 08:00,Vehicle_9,116,38.07307222,-114.5287097,Clear,Police Blockade,0,Normal
09-12-2024 08:15,Vehicle_10,58,37.5304558,-101.4564466,Clear,Traffic Jam,0,Congestion
09-12-2024 08:30,Vehicle_1,75,35.58234022,-77.74671932,Clear,Traffic Jam,0,Congestion
09-12-2024 08:45,Vehicle_2,31,38.26533092,-92.94381922,Moderate,None,0,Normal
09-12-2024 09:00,Vehicle_3,61,39.27126949,-84.05412476,Moderate,None,1,Normal
09-12-2024 09:15,Vehicle_4,99,39.54031914,-91.31014015,Light,Breakdown,1,Normal
09-12-2024 09:30,Vehicle_5,31,39.07097621,-114.9085204,Moderate,Police Blockade,0,Congestion
09-12-2024 09:45,Vehicle_6,61,37.82273507,-83.60357116,Clear,Police Blockade,0,Accident
09-12-2024 10:00,Vehicle_7,32,34.19362959,-76.53076869,Heavy,Accident,0,Congestion
09-12-2024 10:15,Vehicle_8,87,34.42506007,-81.19903088,Light,None,0,Normal
09-12-2024 10:30,Vehicle_9,94,36.14883895,-107.0307894,Clear,Traffic Jam,0,Accident
09-12-2024 10:45,Vehicle_10,93,36.81123686,-86.91400219,Clear,Breakdown,0,Accident
09-12-2024 11:00,Vehicle_1,89,37.51440231,-83.21624467,Light,Accident,0,Normal
09-12-2024 11:15,Vehicle_2,113,39.94915919,-107.5215606,Clear,Accident,0,Congestion
09-12-2024 11:30,Vehicle_3,39,39.73678526,-89.75236859,Heavy,None,0,Normal
09-12-2024 11:45,Vehicle_4,114,34.40551009,-107.7748275,Heavy,None,0,Congestion
09-12-2024 12:00,Vehicle_5,54,35.09639157,-84.75056853,Heavy,Breakdown,0,Accident
09-12-2024 12:15,Vehicle_6,97,38.40206198,-84.22068129,Moderate,Traffic Jam,0,Congestion
09-12-2024 12:30,Vehicle_7,62,35.63467041,-75.57203883,Clear,None,0,Normal
09-12-2024 12:45,Vehicle_8,74,36.39596109,-95.66611537,Light,Police Blockade,0,Accident
09-12-2024 13:00,Vehicle_9,94,37.63268539,-80.04096122,Light,Breakdown,0,Accident
09-12-2024 13:15,Vehicle_10,33,35.34143321,-75.03652979,Clear,Traffic Jam,0,Congestion
09-12-2024 13:30,Vehicle_1,98,39.75631394,-74.48856393,Clear,None,0,Congestion
09-12-2024 13:45,Vehicle_2,117,38.36470007,-102.8606752,Heavy,Breakdown,0,Normal
09-12-2024 14:00,Vehicle_3,109,37.41427896,-84.95421678,Moderate,None,1,Congestion
09-12-2024 14:15,Vehicle_4,68,36.0771178,-92.75259259,Heavy,Traffic Jam,0,Normal
09-12-2024 14:30,Vehicle_5,104,37.09546018,-86.63298218,Heavy,Police Blockade,0,Accident
09-12-2024 14:45,Vehicle_6,41,39.14322063,-104.7737842,Clear,Traffic Jam,0,Accident
09-12-2024 15:00,Vehicle_7,85,36.50672433,-114.8829734,Light,Accident,0,Accident
09-12-2024 15:15,Vehicle_8,110,39.77931187,-77.31969679,Moderate,Traffic Jam,1,Accident
09-12-2024 15:30,Vehicle_9,120,35.63835806,-115.1621433,Clear,Police Blockade,0,Normal
09-12-2024 15:45,Vehicle_10,77,35.80849611,-100.399015,Clear,None,0,Normal
09-12-2024 16:00,Vehicle_1,79,39.24492575,-104.4126729,Heavy,Breakdown,1,Congestion
09-12-2024 16:15,Vehicle_2,90,37.65441212,-101.9995651,Clear,None,1,Accident
09-12-2024 16:30,Vehicle_3,39,39.55844197,-104.1732056,Heavy,Police Blockade,0,Normal
09-12-2024 16:45,Vehicle_4,31,35.0556873,-79.83539032,Light,Police Blockade,0,Congestion
09-12-2024 17:00,Vehicle_5,74,39.25157668,-79.58800139,Heavy,Accident,1,Accident
09-12-2024 17:15,Vehicle_6,82,36.15806712,-104.0302172,Moderate,Breakdown,0,Normal
09-12-2024 17:30,Vehicle_7,95,35.44684663,-113.2168862,Heavy,Police Blockade,0,Normal
09-12-2024 17:45,Vehicle_8,93,35.18181967,-81.87304528,Heavy,None,0,Normal
09-12-2024 18:00,Vehicle_9,71,39.99388945,-98.34458929,Heavy,Breakdown,0,Accident
09-12-2024 18:15,Vehicle_10,28,35.59124502,-102.7327354,Heavy,Breakdown,0,Accident
09-12-2024 18:30,Vehicle_1,56,36.63438142,-80.13352475,Moderate,Traffic Jam,0,Accident
09-12-2024 18:45,Vehicle_2,32,36.55265126,-114.9905723,Heavy,Accident,0,Congestion
09-12-2024 19:00,Vehicle_3,64,35.28012007,-117.0430789,Light,Traffic Jam,0,Accident
09-12-2024 19:15,Vehicle_4,117,38.38246849,-108.1593501,Clear,Breakdown,0,Accident
09-12-2024 19:30,Vehicle_5,28,34.28619507,-99.73927931,Light,Accident,0,Accident
09-12-2024 19:45,Vehicle_6,33,38.68907284,-73.83450059,Light,Traffic Jam,0,Accident
09-12-2024 20:00,Vehicle_7,89,37.31909995,-111.561264,Heavy,Police Blockade,0,Congestion
09-12-2024 20:15,Vehicle_8,120,38.32017688,-74.21661269,Heavy,Police Blockade,0,Normal
09-12-2024 20:30,Vehicle_9,36,39.62698275,-98.6260366,Light,Accident,0,Accident
09-12-2024 20:45,Vehicle_10,41,38.6245581,-90.88205421,Heavy,Breakdown,0,Normal
09-12-2024 21:00,Vehicle_1,28,34.25672145,-90.30911351,Clear,Police Blockade,0,Congestion
09-12-2024 21:15,Vehicle_2,72,37.81726259,-96.90375665,Moderate,Police Blockade,0,Normal
09-12-2024 21:30,Vehicle_3,68,35.23688414,-91.33915143,Light,Breakdown,1,Accident
09-12-2024 21:45,Vehicle_4,64,37.31816901,-104.9910111,Light,Breakdown,1,Accident
09-12-2024 22:00,Vehicle_5,100,36.48225006,-99.77232466,Light,Accident,0,Normal
09-12-2024 22:15,Vehicle_6,30,36.94300178,-82.29172791,Clear,Police Blockade,1,Normal
09-12-2024 22:30,Vehicle_7,43,38.79073214,-79.997498,Clear,Breakdown,0,Accident
09-12-2024 22:45,Vehicle_8,22,38.60752577,-103.5994317,Light,Traffic Jam,0,Congestion
09-12-2024 23:00,Vehicle_9,38,37.76669549,-117.7111257,Heavy,Accident,0,Accident
09-12-2024 23:15,Vehicle_10,34,39.83243118,-81.89924071,Light,Police Blockade,0,Accident
09-12-2024 23:30,Vehicle_1,31,37.90073759,-116.2955196,Clear,Breakdown,0,Normal
09-12-2024 23:45,Vehicle_2,85,36.41066925,-85.12519853,Clear,None,0,Normal
10-12-2024 00:00,Vehicle_3,118,35.53580491,-117.8295545,Light,Traffic Jam,1,Normal
10-12-2024 00:15,Vehicle_4,34,39.43879689,-113.9637891,Moderate,Traffic Jam,0,Accident
10-12-2024 00:30,Vehicle_5,117,39.19642476,-97.84615133,Heavy,Police Blockade,1,Congestion
10-12-2024 00:45,Vehicle_6,47,39.94789577,-78.90283577,Clear,Traffic Jam,0,Normal
10-12-2024 01:00,Vehicle_7,34,38.16016607,-110.5859504,Light,None,0,Accident
10-12-2024 01:15,Vehicle_8,75,34.49755973,-95.66261531,Moderate,None,0,Normal
10-12-2024 01:30,Vehicle_9,33,39.62878213,-118.1611245,Light,Traffic Jam,0,Accident
10-12-2024 01:45,Vehicle_10,36,35.9300847,-88.06499481,Heavy,Traffic Jam,0,Accident
10-12-2024 02:00,Vehicle_1,69,36.37596049,-82.91245608,Clear,Traffic Jam,0,Accident
10-12-2024 02:15,Vehicle_2,39,36.81385786,-92.18203362,Light,Accident,0,Normal
10-12-2024 02:30,Vehicle_3,103,37.59124852,-89.0897166,Moderate,Accident,0,Congestion
10-12-2024 02:45,Vehicle_4,42,35.08840619,-92.04891151,Heavy,Accident,0,Congestion
10-12-2024 03:00,Vehicle_5,79,38.33896491,-90.8611821,Moderate,Traffic Jam,0,Accident
10-12-2024 03:15,Vehicle_6,23,38.83219676,-74.33455123,Clear,Police Blockade,1,Normal
10-12-2024 03:30,Vehicle_7,95,39.16417609,-118.3672177,Light,Traffic Jam,0,Congestion
10-12-2024 03:45,Vehicle_8,91,38.52622679,-99.29160389,Heavy,Accident,0,Congestion
10-12-2024 04:00,Vehicle_9,54,38.86320535,-110.229834,Heavy,Breakdown,0,Normal
10-12-2024 04:15,Vehicle_10,97,36.80727834,-104.4394084,Clear,Police Blockade,0,Congestion
10-12-2024 04:30,Vehicle_1,105,34.78014666,-86.215937,Heavy,Breakdown,0,Normal
10-12-2024 04:45,Vehicle_2,81,38.88027248,-103.6959328,Heavy,Breakdown,0,Congestion
10-12-2024 05:00,Vehicle_3,51,39.06559028,-98.74554619,Heavy,Police Blockade,0,Congestion
10-12-2024 05:15,Vehicle_4,94,34.8210464,-97.97009423,Light,Breakdown,0,Congestion
10-12-2024 05:30,Vehicle_5,94,35.51594183,-90.4022135,Clear,Police Blockade,1,Normal
10-12-2024 05:45,Vehicle_6,96,36.54570712,-85.62606888,Moderate,Accident,1,Congestion
10-12-2024 06:00,Vehicle_7,50,36.47410839,-104.7472517,Heavy,Traffic Jam,1,Accident
10-12-2024 06:15,Vehicle_8,73,34.69912855,-112.9408014,Heavy,Traffic Jam,0,Congestion
10-12-2024 06:30,Vehicle_9,96,39.97376445,-113.1473789,Clear,None,1,Normal
10-12-2024 06:45,Vehicle_10,85,38.66509003,-79.16064493,Moderate,Police Blockade,0,Congestion
10-12-2024 07:00,Vehicle_1,47,39.02054666,-84.92173798,Moderate,None,0,Congestion
10-12-2024 07:15,Vehicle_2,57,38.61774225,-102.2545619,Moderate,Traffic Jam,0,Congestion
10-12-2024 07:30,Vehicle_3,34,34.41755463,-118.2678341,Moderate,Police Blockade,0,Congestion
10-12-2024 07:45,Vehicle_4,28,37.33099072,-79.37611637,Light,Breakdown,0,Normal
10-12-2024 08:00,Vehicle_5,61,39.44247104,-85.30724561,Heavy,Breakdown,0,Congestion
10-12-2024 08:15,Vehicle_6,88,37.32436725,-76.54578614,Clear,Breakdown,0,Accident
10-12-2024 08:30,Vehicle_7,111,36.4905275,-95.72770403,Light,Accident,0,Accident
10-12-2024 08:45,Vehicle_8,68,39.1757526,-75.74337718,Moderate,None,0,Accident
10-12-2024 09:00,Vehicle_9,120,39.86418999,-97.29942243,Light,Breakdown,0,Accident
10-12-2024 09:15,Vehicle_10,57,35.31271082,-103.7544151,Heavy,Police Blockade,0,Normal
10-12-2024 09:30,Vehicle_1,65,34.93111424,-73.92893132,Light,Traffic Jam,0,Normal
10-12-2024 09:45,Vehicle_2,56,36.55697984,-76.31293825,Heavy,Accident,0,Accident
10-12-2024 10:00,Vehicle_3,102,35.74444709,-74.40512302,Heavy,Accident,0,Accident
10-12-2024 10:15,Vehicle_4,73,34.6883977,-97.59680006,Heavy,Police Blockade,0,Congestion
10-12-2024 10:30,Vehicle_5,47,34.75994594,-78.43828664,Clear,None,0,Normal
10-12-2024 10:45,Vehicle_6,92,36.80485386,-107.2719131,Moderate,Police Blockade,1,Accident
10-12-2024 11:00,Vehicle_7,29,39.72153859,-79.83096845,Moderate,Accident,0,Accident
10-12-2024 11:15,Vehicle_8,46,37.74402553,-110.8238476,Clear,None,0,Congestion
10-12-2024 11:30,Vehicle_9,92,36.34221506,-115.7595537,Heavy,Traffic Jam,1,Normal
10-12-2024 11:45,Vehicle_10,115,39.85541198,-118.3572389,Heavy,Traffic Jam,0,Accident
10-12-2024 12:00,Vehicle_1,108,34.2979227,-75.61901209,Moderate,None,0,Accident
10-12-2024 12:15,Vehicle_2,63,38.74525461,-107.0691333,Clear,Traffic Jam,0,Accident
10-12-2024 12:30,Vehicle_3,22,37.30315948,-109.1377753,Light,None,1,Congestion
10-12-2024 12:45,Vehicle_4,101,35.4286359,-92.26041567,Clear,None,1,Congestion
10-12-2024 13:00,Vehicle_5,111,36.88205465,-114.1357607,Heavy,None,0,Normal
10-12-2024 13:15,Vehicle_6,69,34.57303511,-103.4718965,Heavy,Traffic Jam,0,Normal
10-12-2024 13:30,Vehicle_7,109,34.27954578,-76.11123279,Clear,None,0,Accident
10-12-2024 13:45,Vehicle_8,76,37.47932644,-86.46851256,Moderate,Breakdown,0,Normal
10-12-2024 14:00,Vehicle_9,44,34.02447262,-111.3506394,Clear,None,0,Accident
10-12-2024 14:15,Vehicle_10,97,38.54336465,-104.5378624,Light,Breakdown,0,Accident
10-12-2024 14:30,Vehicle_1,29,37.6404873,-98.89143789,Clear,Police Blockade,0,Normal
10-12-2024 14:45,Vehicle_2,71,34.09588187,-82.71682024,Clear,Traffic Jam,0,Normal
10-12-2024 15:00,Vehicle_3,34,36.83949104,-74.54140896,Light,None,0,Normal
10-12-2024 15:15,Vehicle_4,35,38.93193481,-87.22988879,Heavy,None,0,Accident
10-12-2024 15:30,Vehicle_5,74,38.56029622,-111.6300635,Light,None,0,Accident
10-12-2024 15:45,Vehicle_6,120,38.84055722,-105.9870838,Light,Breakdown,0,Normal
10-12-2024 16:00,Vehicle_7,93,35.15365807,-76.28912549,Light,Police Blockade,1,Normal
10-12-2024 16:15,Vehicle_8,42,35.80704931,-79.72141522,Moderate,Accident,0,Accident
10-12-2024 16:30,Vehicle_9,20,34.86830902,-96.39313297,Light,None,0,Normal
10-12-2024 16:45,Vehicle_10,86,39.17147723,-112.6752364,Moderate,Police Blockade,0,Accident
10-12-2024 17:00,Vehicle_1,67,37.04398248,-82.60771978,Heavy,Accident,0,Accident
10-12-2024 17:15,Vehicle_2,38,36.06080404,-89.57157704,Heavy,Breakdown,0,Normal
10-12-2024 17:30,Vehicle_3,32,36.79915549,-90.26723472,Clear,Accident,0,Congestion
10-12-2024 17:45,Vehicle_4,47,37.79701138,-94.16810781,Moderate,None,1,Normal
10-12-2024 18:00,Vehicle_5,49,35.59726972,-111.9784592,Clear,Traffic Jam,0,Accident
10-12-2024 18:15,Vehicle_6,72,37.01028137,-92.00611984,Moderate,Breakdown,0,Normal
10-12-2024 18:30,Vehicle_7,108,36.59478827,-95.27739029,Light,None,0,Accident
10-12-2024 18:45,Vehicle_8,78,39.46986978,-78.16545442,Heavy,Traffic Jam,0,Accident
10-12-2024 19:00,Vehicle_9,92,35.09356479,-95.24663298,Moderate,Breakdown,0,Normal
10-12-2024 19:15,Vehicle_10,79,38.2915973,-76.76142193,Light,Accident,0,Normal
10-12-2024 19:30,Vehicle_1,96,34.11611334,-117.7678121,Clear,Traffic Jam,0,Congestion
10-12-2024 19:45,Vehicle_2,88,35.31083409,-99.05211084,Light,None,0,Normal
10-12-2024 20:00,Vehicle_3,68,37.44904728,-89.08811525,Clear,None,1,Congestion
10-12-2024 20:15,Vehicle_4,119,35.30968146,-87.66614072,Moderate,None,0,Normal
10-12-2024 20:30,Vehicle_5,110,34.7471107,-115.0710352,Clear,Traffic Jam,0,Accident
10-12-2024 20:45,Vehicle_6,33,38.97987111,-117.163395,Moderate,None,1,Normal
10-12-2024 21:00,Vehicle_7,64,34.58305552,-91.17754067,Light,Police Blockade,0,Congestion
10-12-2024 21:15,Vehicle_8,49,38.82442316,-113.6547881,Heavy,Breakdown,0,Congestion
10-12-2024 21:30,Vehicle_9,114,38.18112401,-117.6780061,Light,Breakdown,0,Congestion
10-12-2024 21:45,Vehicle_10,34,36.17292831,-92.7985477,Heavy,None,0,Congestion
10-12-2024 22:00,Vehicle_1,111,38.39028215,-94.62432815,Clear,Breakdown,1,Normal
10-12-2024 22:15,Vehicle_2,81,38.92782428,-80.61674087,Clear,Accident,0,Normal
10-12-2024 22:30,Vehicle_3,48,37.14561803,-117.2591858,Light,Breakdown,0,Normal
10-12-2024 22:45,Vehicle_4,33,36.37290554,-96.16885321,Clear,Breakdown,0,Normal
10-12-2024 23:00,Vehicle_5,73,35.15564961,-113.6837065,Heavy,Police Blockade,0,Congestion
10-12-2024 23:15,Vehicle_6,118,34.66886246,-99.27120758,Light,Police Blockade,0,Accident
10-12-2024 23:30,Vehicle_7,36,34.72844952,-91.19633508,Clear,Accident,0,Normal
10-12-2024 23:45,Vehicle_8,95,37.37816378,-114.074991,Moderate,Traffic Jam,0,Congestion
11-12-2024 00:00,Vehicle_9,48,37.43364267,-99.1977326,Moderate,Police Blockade,0,Accident
11-12-2024 00:15,Vehicle_10,73,37.41766659,-74.77669108,Clear,Breakdown,0,Accident
11-12-2024 00:30,Vehicle_1,101,36.03464832,-77.21281009,Clear,Accident,0,Congestion
11-12-2024 00:45,Vehicle_2,83,36.50058629,-106.1302554,Moderate,Traffic Jam,0,Normal
11-12-2024 01:00,Vehicle_3,48,34.10727884,-75.82872249,Moderate,None,0,Accident
11-12-2024 01:15,Vehicle_4,63,34.35916076,-117.1422324,Light,Breakdown,1,Congestion
11-12-2024 01:30,Vehicle_5,119,36.85674827,-78.41585093,Moderate,Traffic Jam,0,Congestion
11-12-2024 01:45,Vehicle_6,115,34.19399342,-84.40985161,Moderate,Accident,0,Normal
11-12-2024 02:00,Vehicle_7,84,36.3907895,-117.9112175,Light,Accident,0,Congestion
11-12-2024 02:15,Vehicle_8,81,34.90311741,-113.9249341,Moderate,Accident,0,Accident
11-12-2024 02:30,Vehicle_9,37,39.36174834,-81.15400034,Clear,Accident,0,Normal
11-12-2024 02:45,Vehicle_10,57,35.86863822,-114.9691389,Light,Police Blockade,0,Congestion
11-12-2024 03:00,Vehicle_1,23,38.38053898,-105.3568852,Light,Police Blockade,0,Accident
11-12-2024 03:15,Vehicle_2,95,39.83192135,-117.5805735,Clear,None,0,Normal
11-12-2024 03:30,Vehicle_3,105,36.13994509,-111.0279291,Heavy,Traffic Jam,1,Congestion
11-12-2024 03:45,Vehicle_4,100,34.86271779,-74.54712586,Clear,None,1,Accident
11-12-2024 04:00,Vehicle_5,50,35.66716896,-90.90105264,Moderate,Police Blockade,0,Congestion
11-12-2024 04:15,Vehicle_6,90,35.28528564,-85.15246431,Heavy,Breakdown,1,Normal
11-12-2024 04:30,Vehicle_7,39,38.84785227,-98.42854501,Light,Police Blockade,0,Congestion
11-12-2024 04:45,Vehicle_8,24,34.21961264,-103.1661458,Heavy,Traffic Jam,0,Accident
11-12-2024 05:00,Vehicle_9,83,39.26990095,-95.46112224,Moderate,None,0,Accident
11-12-2024 05:15,Vehicle_10,74,39.40507048,-83.18299686,Light,Traffic Jam,0,Congestion
11-12-2024 05:30,Vehicle_1,81,35.9509773,-94.51791562,Light,Accident,0,Accident
11-12-2024 05:45,Vehicle_2,47,37.72375823,-97.89408033,Light,Breakdown,0,Accident
11-12-2024 06:00,Vehicle_3,57,38.49471381,-90.63785844,Moderate,None,1,Accident
11-12-2024 06:15,Vehicle_4,35,36.64008387,-89.62406443,Heavy,Police Blockade,0,Congestion
11-12-2024 06:30,Vehicle_5,77,37.89373837,-93.59909267,Light,Breakdown,0,Accident
11-12-2024 06:45,Vehicle_6,30,35.21365433,-109.4547128,Clear,Breakdown,0,Congestion
11-12-2024 07:00,Vehicle_7,105,39.5061035,-76.59912967,Light,Breakdown,0,Normal
11-12-2024 07:15,Vehicle_8,47,35.00445726,-117.46007,Light,Traffic Jam,0,Congestion
11-12-2024 07:30,Vehicle_9,115,36.78046011,-81.00347648,Moderate,None,0,Normal
11-12-2024 07:45,Vehicle_10,55,38.17642092,-90.27956667,Light,Traffic Jam,0,Normal
11-12-2024 08:00,Vehicle_1,89,37.15023195,-98.93633354,Heavy,None,0,Congestion
11-12-2024 08:15,Vehicle_2,91,37.08522307,-110.1501758,Clear,None,0,Congestion
11-12-2024 08:30,Vehicle_3,117,35.99744425,-107.281538,Light,Traffic Jam,1,Accident
11-12-2024 08:45,Vehicle_4,25,39.94515833,-96.17247696,Light,Breakdown,0,Congestion
11-12-2024 09:00,Vehicle_5,26,35.49006145,-100.231347,Moderate,Accident,0,Normal
11-12-2024 09:15,Vehicle_6,91,35.74845411,-99.87185424,Moderate,None,0,Accident
11-12-2024 09:30,Vehicle_7,23,37.99074669,-77.85386897,Clear,Traffic Jam,0,Normal
11-12-2024 09:45,Vehicle_8,76,37.79606554,-112.9574234,Moderate,Breakdown,0,Accident
11-12-2024 10:00,Vehicle_9,93,38.31325399,-107.2961076,Moderate,Breakdown,0,Congestion
11-12-2024 10:15,Vehicle_10,80,38.5515316,-78.15574572,Light,Traffic Jam,0,Accident
11-12-2024 10:30,Vehicle_1,89,39.13524044,-97.20907641,Moderate,Traffic Jam,0,Congestion
11-12-2024 10:45,Vehicle_2,91,34.14584723,-89.96927261,Moderate,Police Blockade,0,Accident
11-12-2024 11:00,Vehicle_3,65,37.41700208,-118.2152412,Heavy,Accident,0,Normal
11-12-2024 11:15,Vehicle_4,105,37.25599763,-97.17522549,Clear,Breakdown,0,Normal
11-12-2024 11:30,Vehicle_5,26,37.86351965,-106.0005017,Moderate,Accident,0,Normal
11-12-2024 11:45,Vehicle_6,88,39.93538634,-80.42349368,Clear,None,0,Congestion
11-12-2024 12:00,Vehicle_7,60,35.13245747,-94.08071626,Light,None,0,Normal
11-12-2024 12:15,Vehicle_8,86,37.59152026,-109.4275068,Moderate,None,1,Congestion
11-12-2024 12:30,Vehicle_9,91,39.12229579,-117.1947457,Moderate,None,0,Congestion
11-12-2024 12:45,Vehicle_10,42,39.51417291,-81.31687034,Clear,Traffic Jam,0,Accident
11-12-2024 13:00,Vehicle_1,96,34.61489088,-112.4306236,Light,None,0,Accident
11-12-2024 13:15,Vehicle_2,102,37.11667022,-97.38994125,Clear,None,0,Normal
11-12-2024 13:30,Vehicle_3,64,34.09481595,-96.60721934,Clear,Traffic Jam,0,Normal
11-12-2024 13:45,Vehicle_4,72,35.92466925,-92.38980588,Moderate,Police Blockade,0,Accident
11-12-2024 14:00,Vehicle_5,25,34.2806432,-103.3092422,Clear,Traffic Jam,0,Congestion
11-12-2024 14:15,Vehicle_6,109,38.97678945,-87.15184657,Light,Police Blockade,0,Accident
11-12-2024 14:30,Vehicle_7,81,37.78279339,-103.0621683,Heavy,None,0,Congestion
11-12-2024 14:45,Vehicle_8,20,36.25519368,-110.4178302,Moderate,None,0,Congestion
11-12-2024 15:00,Vehicle_9,29,39.21115966,-117.7421831,Moderate,Police Blockade,0,Normal
11-12-2024 15:15,Vehicle_10,67,39.79687136,-76.08554229,Heavy,Accident,0,Accident
11-12-2024 15:30,Vehicle_1,72,34.02949071,-74.35658827,Clear,Breakdown,0,Normal
11-12-2024 15:45,Vehicle_2,22,34.93623326,-91.71018509,Heavy,Traffic Jam,0,Normal
11-12-2024 16:00,Vehicle_3,83,38.50808426,-80.30667506,Heavy,Police Blockade,1,Normal
11-12-2024 16:15,Vehicle_4,61,37.48435374,-87.62621872,Clear,Traffic Jam,0,Accident
11-12-2024 16:30,Vehicle_5,108,35.63107361,-116.5423801,Moderate,None,0,Congestion
11-12-2024 16:45,Vehicle_6,65,36.25136324,-118.0871138,Moderate,Police Blockade,0,Accident
11-12-2024 17:00,Vehicle_7,111,39.4904758,-95.65847941,Clear,None,0,Accident
11-12-2024 17:15,Vehicle_8,58,34.75023943,-111.7465741,Moderate,Police Blockade,1,Normal
11-12-2024 17:30,Vehicle_9,38,35.66774391,-110.0655972,Light,Accident,0,Accident
11-12-2024 17:45,Vehicle_10,38,36.94295214,-106.5445193,Moderate,Accident,0,Normal
11-12-2024 18:00,Vehicle_1,118,36.85805346,-107.9986417,Light,Traffic Jam,0,Normal
11-12-2024 18:15,Vehicle_2,97,38.2226732,-115.399358,Light,Police Blockade,0,Congestion
11-12-2024 18:30,Vehicle_3,51,34.09931681,-101.2953239,Moderate,Breakdown,0,Accident
11-12-2024 18:45,Vehicle_4,26,39.93032499,-118.3810384,Light,Breakdown,0,Congestion
11-12-2024 19:00,Vehicle_5,83,37.90951341,-86.63828097,Heavy,None,1,Accident
11-12-2024 19:15,Vehicle_6,83,38.50411862,-76.61120005,Moderate,Breakdown,0,Congestion
11-12-2024 19:30,Vehicle_7,72,34.00937814,-97.37308636,Light,Traffic Jam,0,Normal
11-12-2024 19:45,Vehicle_8,52,37.26871907,-90.69178975,Moderate,Breakdown,1,Accident
11-12-2024 20:00,Vehicle_9,24,34.06541225,-101.2789345,Light,Traffic Jam,0,Congestion
11-12-2024 20:15,Vehicle_10,42,36.29978661,-90.53665143,Light,None,1,Congestion
11-12-2024 20:30,Vehicle_1,97,39.17238987,-95.37090683,Moderate,None,0,Normal
11-12-2024 20:45,Vehicle_2,50,35.24100631,-86.85959774,Moderate,Police Blockade,0,Normal
11-12-2024 21:00,Vehicle_3,68,38.89872768,-101.9570189,Clear,Breakdown,0,Normal
11-12-2024 21:15,Vehicle_4,73,38.69612858,-88.0133861,Light,Breakdown,0,Normal
11-12-2024 21:30,Vehicle_5,111,39.91503337,-102.2553178,Heavy,Accident,0,Accident
11-12-2024 21:45,Vehicle_6,88,37.2885089,-97.72071901,Moderate,Accident,1,Congestion
11-12-2024 22:00,Vehicle_7,86,34.95930534,-105.2135647,Light,None,0,Normal
11-12-2024 22:15,Vehicle_8,54,39.37264512,-83.16509205,Moderate,None,0,Accident
11-12-2024 22:30,Vehicle_9,97,38.19211999,-115.4709325,Moderate,Accident,0,Normal
11-12-2024 22:45,Vehicle_10,112,36.85846789,-84.10943931,Light,Breakdown,0,Congestion
11-12-2024 23:00,Vehicle_1,53,34.90796765,-88.58926176,Clear,Accident,0,Accident
11-12-2024 23:15,Vehicle_2,62,36.76983124,-78.13406311,Clear,None,0,Normal
11-12-2024 23:30,Vehicle_3,87,37.22964273,-99.07522084,Moderate,Breakdown,0,Accident
11-12-2024 23:45,Vehicle_4,88,34.06388438,-98.40935358,Light,Traffic Jam,1,Normal
12-12-2024 00:00,Vehicle_5,52,36.58137473,-99.18884604,Heavy,Traffic Jam,1,Congestion
12-12-2024 00:15,Vehicle_6,93,35.33077444,-92.13741497,Heavy,None,0,Normal
12-12-2024 00:30,Vehicle_7,108,39.6036218,-80.23720873,Moderate,Traffic Jam,0,Congestion
12-12-2024 00:45,Vehicle_8,82,35.27421688,-101.6925923,Light,Accident,0,Normal
12-12-2024 01:00,Vehicle_9,77,37.02848733,-87.38827814,Light,None,0,Normal
12-12-2024 01:15,Vehicle_10,48,39.88817412,-115.6060931,Light,Accident,0,Accident
12-12-2024 01:30,Vehicle_1,63,34.52392974,-104.4819073,Moderate,Accident,0,Accident
12-12-2024 01:45,Vehicle_2,93,37.37718357,-101.1570355,Heavy,Breakdown,1,Accident
12-12-2024 02:00,Vehicle_3,88,35.34102165,-88.17151105,Heavy,Traffic Jam,1,Accident
12-12-2024 02:15,Vehicle_4,92,35.24387972,-76.7719906,Clear,None,0,Congestion
12-12-2024 02:30,Vehicle_5,55,37.04179665,-86.646052,Clear,None,0,Accident
12-12-2024 02:45,Vehicle_6,33,34.96505657,-89.37519941,Clear,Breakdown,0,Normal
12-12-2024 03:00,Vehicle_7,43,34.4581974,-97.30124235,Heavy,Accident,0,Normal
12-12-2024 03:15,Vehicle_8,85,35.30146183,-105.3597985,Moderate,Breakdown,0,Accident
12-12-2024 03:30,Vehicle_9,23,36.72590903,-83.14150137,Moderate,Breakdown,0,Congestion
12-12-2024 03:45,Vehicle_10,42,35.22203311,-94.53424029,Moderate,None,0,Congestion
12-12-2024 04:00,Vehicle_1,37,38.11483729,-76.94063372,Light,None,0,Congestion
12-12-2024 04:15,Vehicle_2,72,34.52969904,-91.38662782,Heavy,Breakdown,0,Congestion
12-12-2024 04:30,Vehicle_3,85,38.60099185,-73.93774918,Light,None,1,Accident
12-12-2024 04:45,Vehicle_4,106,38.02321194,-94.84673482,Light,Traffic Jam,0,Congestion
12-12-2024 05:00,Vehicle_5,106,38.63077714,-97.89375125,Light,Accident,0,Normal
12-12-2024 05:15,Vehicle_6,113,39.60875775,-76.78177104,Moderate,None,1,Accident
12-12-2024 05:30,Vehicle_7,52,38.18361549,-85.57242411,Heavy,None,0,Normal
12-12-2024 05:45,Vehicle_8,37,39.73056455,-116.0865862,Clear,Police Blockade,0,Normal
12-12-2024 06:00,Vehicle_9,23,35.11275983,-81.42967444,Moderate,Accident,0,Accident
12-12-2024 06:15,Vehicle_10,73,37.86807056,-110.9175567,Heavy,Breakdown,0,Congestion
12-12-2024 06:30,Vehicle_1,20,34.96808181,-83.3051369,Light,Accident,0,Congestion
12-12-2024 06:45,Vehicle_2,117,36.95746872,-103.045968,Heavy,Breakdown,0,Accident
12-12-2024 07:00,Vehicle_3,120,39.14262039,-80.74023368,Clear,Accident,0,Accident
12-12-2024 07:15,Vehicle_4,42,37.17293037,-85.07768756,Clear,Police Blockade,0,Congestion
12-12-2024 07:30,Vehicle_5,36,34.01806225,-118.1009831,Clear,Breakdown,1,Congestion
12-12-2024 07:45,Vehicle_6,89,38.46405912,-101.6958843,Clear,Traffic Jam,0,Accident
12-12-2024 08:00,Vehicle_7,44,36.90499599,-105.9316677,Moderate,Accident,1,Normal
12-12-2024 08:15,Vehicle_8,103,37.36157228,-85.75680941,Moderate,Police Blockade,0,Accident
12-12-2024 08:30,Vehicle_9,24,37.70433699,-91.0895856,Clear,Breakdown,0,Normal
12-12-2024 08:45,Vehicle_10,110,38.35275259,-82.6310291,Moderate,Police Blockade,0,Normal
12-12-2024 09:00,Vehicle_1,99,35.56377863,-88.71044326,Moderate,Police Blockade,0,Normal
12-12-2024 09:15,Vehicle_2,80,39.6748294,-109.02425,Moderate,Traffic Jam,0,Congestion
12-12-2024 09:30,Vehicle_3,105,35.97490746,-106.7465721,Light,Traffic Jam,0,Congestion
12-12-2024 09:45,Vehicle_4,57,38.56055384,-84.56768161,Light,Accident,1,Accident
12-12-2024 10:00,Vehicle_5,94,39.20708682,-99.24362817,Clear,Breakdown,0,Normal
12-12-2024 10:15,Vehicle_6,29,36.85502788,-94.27774726,Clear,Traffic Jam,0,Accident
12-12-2024 10:30,Vehicle_7,106,34.17800825,-95.50782037,Moderate,Accident,0,Congestion
12-12-2024 10:45,Vehicle_8,48,39.52676152,-106.4795259,Clear,Traffic Jam,0,Accident
12-12-2024 11:00,Vehicle_9,75,38.32873111,-92.3248062,Heavy,Breakdown,0,Normal
12-12-2024 11:15,Vehicle_10,99,35.77487928,-83.46324926,Clear,Accident,1,Congestion
12-12-2024 11:30,Vehicle_1,79,38.33584502,-117.3694887,Moderate,Accident,0,Congestion
12-12-2024 11:45,Vehicle_2,115,35.92251053,-102.0779689,Light,None,0,Normal
12-12-2024 12:00,Vehicle_3,22,36.27868494,-111.3585293,Light,None,0,Congestion
12-12-2024 12:15,Vehicle_4,101,35.86549802,-111.3740129,Light,Breakdown,0,Accident
12-12-2024 12:30,Vehicle_5,85,37.64955325,-98.23675602,Clear,Breakdown,0,Normal
12-12-2024 12:45,Vehicle_6,65,36.0973191,-79.10661474,Moderate,Police Blockade,0,Accident
12-12-2024 13:00,Vehicle_7,36,34.4686414,-83.62364774,Clear,Police Blockade,0,Congestion
12-12-2024 13:15,Vehicle_8,116,34.78768922,-117.9841329,Light,Breakdown,0,Accident
12-12-2024 13:30,Vehicle_9,40,35.32911139,-81.47862129,Clear,None,0,Normal
12-12-2024 13:45,Vehicle_10,50,38.86490297,-92.04512796,Heavy,None,0,Congestion
12-12-2024 14:00,Vehicle_1,63,37.88553268,-80.17004548,Heavy,None,0,Congestion
12-12-2024 14:15,Vehicle_2,78,35.97676044,-103.7311259,Heavy,Police Blockade,0,Accident
12-12-2024 14:30,Vehicle_3,99,36.66445876,-112.8150458,Heavy,Traffic Jam,0,Congestion
12-12-2024 14:45,Vehicle_4,41,39.07700649,-92.20299497,Heavy,Traffic Jam,0,Normal
12-12-2024 15:00,Vehicle_5,29,37.11796215,-84.11344734,Light,Breakdown,0,Accident
12-12-2024 15:15,Vehicle_6,57,37.12249842,-116.3376045,Light,Breakdown,0,Accident
12-12-2024 15:30,Vehicle_7,72,34.14363674,-93.83608854,Moderate,Traffic Jam,0,Normal
12-12-2024 15:45,Vehicle_8,96,36.51830483,-79.05650222,Heavy,Accident,0,Accident
12-12-2024 16:00,Vehicle_9,98,38.18241313,-88.61239293,Light,Traffic Jam,1,Accident
12-12-2024 16:15,Vehicle_10,31,34.47499174,-108.3226723,Light,Police Blockade,1,Normal
12-12-2024 16:30,Vehicle_1,92,34.69733066,-88.19452783,Light,Police Blockade,0,Accident
12-12-2024 16:45,Vehicle_2,53,36.57602324,-106.3412246,Light,Police Blockade,0,Normal
12-12-2024 17:00,Vehicle_3,69,39.91518044,-92.78687732,Light,Accident,0,Congestion
12-12-2024 17:15,Vehicle_4,53,36.44851732,-109.8865915,Light,Police Blockade,0,Accident
12-12-2024 17:30,Vehicle_5,89,38.05165377,-88.39284285,Light,Accident,0,Normal
12-12-2024 17:45,Vehicle_6,68,35.9693692,-118.0696769,Heavy,Police Blockade,0,Normal
12-12-2024 18:00,Vehicle_7,22,34.40003237,-85.32007577,Heavy,Accident,0,Normal
12-12-2024 18:15,Vehicle_8,66,36.37711952,-81.89897206,Light,Police Blockade,0,Congestion
12-12-2024 18:30,Vehicle_9,114,35.60513018,-113.2521772,Clear,Police Blockade,0,Accident
12-12-2024 18:45,Vehicle_10,56,38.02694164,-97.84452684,Heavy,None,0,Accident
12-12-2024 19:00,Vehicle_1,62,34.32020175,-97.25859762,Moderate,None,1,Accident
12-12-2024 19:15,Vehicle_2,80,34.12781505,-116.1444409,Light,None,0,Accident
12-12-2024 19:30,Vehicle_3,52,37.37624909,-113.1462371,Light,Breakdown,0,Congestion
12-12-2024 19:45,Vehicle_4,24,39.89500983,-83.90743207,Heavy,Traffic Jam,0,Accident
12-12-2024 20:00,Vehicle_5,99,36.6191995,-74.73548125,Light,Breakdown,0,Congestion
12-12-2024 20:15,Vehicle_6,48,38.39288102,-111.2653755,Light,Traffic Jam,0,Congestion
12-12-2024 20:30,Vehicle_7,72,35.09820693,-102.4960925,Heavy,Breakdown,0,Congestion
12-12-2024 20:45,Vehicle_8,97,34.0601916,-87.55700189,Moderate,Breakdown,0,Congestion
12-12-2024 21:00,Vehicle_9,65,37.85256766,-80.84617535,Clear,Accident,0,Accident
12-12-2024 21:15,Vehicle_10,77,39.96947527,-111.8722606,Light,Traffic Jam,0,Normal
12-12-2024 21:30,Vehicle_1,77,36.24453437,-74.16645295,Clear,Police Blockade,0,Accident
12-12-2024 21:45,Vehicle_2,56,36.25501833,-101.1910758,Heavy,None,0,Accident
12-12-2024 22:00,Vehicle_3,76,35.71069261,-101.7543622,Heavy,Traffic Jam,1,Accident
12-12-2024 22:15,Vehicle_4,101,39.73240282,-90.21377777,Heavy,Accident,0,Congestion
12-12-2024 22:30,Vehicle_5,110,35.46356164,-99.2365014,Clear,Accident,1,Normal
12-12-2024 22:45,Vehicle_6,89,34.09325677,-94.76261162,Light,Breakdown,0,Normal
12-12-2024 23:00,Vehicle_7,73,36.60826961,-92.70846514,Heavy,Traffic Jam,0,Congestion
12-12-2024 23:15,Vehicle_8,93,38.53070978,-106.732747,Heavy,None,0,Normal
12-12-2024 23:30,Vehicle_9,87,34.05170908,-117.5130032,Light,Traffic Jam,0,Normal
12-12-2024 23:45,Vehicle_10,112,35.91136858,-116.1035561,Clear,Breakdown,0,Accident
13-12-2024 00:00,Vehicle_1,115,36.36346484,-100.6219267,Clear,None,0,Accident
13-12-2024 00:15,Vehicle_2,112,37.23139477,-116.1181077,Heavy,Accident,0,Accident
13-12-2024 00:30,Vehicle_3,89,35.53438199,-88.55308365,Heavy,None,1,Congestion
13-12-2024 00:45,Vehicle_4,34,38.69972535,-91.11492064,Heavy,Accident,0,Congestion
13-12-2024 01:00,Vehicle_5,54,38.29551508,-86.85548938,Clear,Traffic Jam,0,Congestion
13-12-2024 01:15,Vehicle_6,65,38.31701973,-108.5363595,Clear,None,0,Normal
13-12-2024 01:30,Vehicle_7,89,36.38918326,-85.2815635,Heavy,Police Blockade,0,Congestion
13-12-2024 01:45,Vehicle_8,24,36.43957043,-103.7225645,Heavy,Accident,0,Congestion
13-12-2024 02:00,Vehicle_9,77,37.33730052,-106.9408399,Light,None,0,Accident
13-12-2024 02:15,Vehicle_10,108,34.13257349,-97.18362408,Heavy,Breakdown,0,Congestion
13-12-2024 02:30,Vehicle_1,27,36.75856281,-83.8303957,Light,None,0,Accident
13-12-2024 02:45,Vehicle_2,119,34.48380324,-79.25908328,Heavy,Traffic Jam,0,Accident
13-12-2024 03:00,Vehicle_3,116,34.20841959,-100.3325148,Light,Police Blockade,0,Normal
13-12-2024 03:15,Vehicle_4,84,38.2714226,-81.46317603,Light,Accident,0,Accident
13-12-2024 03:30,Vehicle_5,112,36.64005245,-117.1897525,Clear,Police Blockade,1,Accident
13-12-2024 03:45,Vehicle_6,62,34.53690094,-105.1531824,Clear,Accident,0,Normal
13-12-2024 04:00,Vehicle_7,99,36.06146201,-99.7770736,Light,Accident,0,Accident
13-12-2024 04:15,Vehicle_8,114,35.43162615,-112.5147043,Light,None,1,Congestion
13-12-2024 04:30,Vehicle_9,26,38.54174068,-107.7243438,Heavy,Police Blockade,0,Accident
13-12-2024 04:45,Vehicle_10,31,38.38944646,-77.47819223,Light,Breakdown,0,Normal
13-12-2024 05:00,Vehicle_1,26,37.35592728,-85.02633669,Heavy,Traffic Jam,0,Normal
13-12-2024 05:15,Vehicle_2,43,38.09504649,-110.249055,Heavy,Traffic Jam,1,Normal
13-12-2024 05:30,Vehicle_3,22,37.9838692,-104.1868183,Light,Accident,0,Normal
13-12-2024 05:45,Vehicle_4,111,37.89008441,-99.89419654,Heavy,Accident,0,Normal
13-12-2024 06:00,Vehicle_5,114,37.19734291,-82.63327294,Clear,None,0,Normal
13-12-2024 06:15,Vehicle_6,33,36.93683399,-89.70071752,Clear,Traffic Jam,0,Normal
13-12-2024 06:30,Vehicle_7,118,37.479426,-78.38899293,Heavy,Breakdown,0,Normal
13-12-2024 06:45,Vehicle_8,96,37.5792045,-116.9383869,Clear,Breakdown,0,Congestion
13-12-2024 07:00,Vehicle_9,89,35.72086939,-99.65216968,Heavy,None,0,Accident
13-12-2024 07:15,Vehicle_10,27,39.30081228,-101.0549812,Moderate,Traffic Jam,1,Normal
13-12-2024 07:30,Vehicle_1,75,35.44944825,-99.83501617,Heavy,Traffic Jam,0,Accident
13-12-2024 07:45,Vehicle_2,116,35.68090408,-110.4931233,Moderate,Traffic Jam,0,Normal
13-12-2024 08:00,Vehicle_3,101,37.38337814,-94.2414987,Light,Breakdown,0,Congestion
13-12-2024 08:15,Vehicle_4,103,37.00509551,-99.63184461,Clear,Traffic Jam,0,Congestion
13-12-2024 08:30,Vehicle_5,119,38.9983779,-117.1014702,Moderate,None,0,Congestion
13-12-2024 08:45,Vehicle_6,98,34.30908726,-92.04468113,Clear,Accident,0,Congestion
13-12-2024 09:00,Vehicle_7,51,34.58476745,-76.58138368,Moderate,Police Blockade,0,Normal
13-12-2024 09:15,Vehicle_8,58,38.58740335,-107.8300054,Heavy,Traffic Jam,0,Congestion
13-12-2024 09:30,Vehicle_9,80,37.35885565,-112.4260609,Heavy,None,0,Congestion
13-12-2024 09:45,Vehicle_10,102,37.42385053,-74.04620016,Clear,Police Blockade,0,Accident
13-12-2024 10:00,Vehicle_1,51,39.29013688,-93.49130811,Light,Traffic Jam,1,Accident
13-12-2024 10:15,Vehicle_2,34,37.23029826,-93.8429772,Moderate,Breakdown,0,Accident
13-12-2024 10:30,Vehicle_3,116,38.9762774,-74.90812426,Moderate,Accident,0,Normal
13-12-2024 10:45,Vehicle_4,103,39.79819162,-91.06579601,Clear,Traffic Jam,0,Congestion
13-12-2024 11:00,Vehicle_5,34,38.68009088,-76.90450654,Clear,None,1,Normal
13-12-2024 11:15,Vehicle_6,120,36.14026282,-101.6886953,Light,Traffic Jam,0,Congestion
13-12-2024 11:30,Vehicle_7,105,34.9177284,-102.8733773,Clear,Police Blockade,0,Accident
13-12-2024 11:45,Vehicle_8,26,36.74890585,-74.84008981,Clear,Breakdown,0,Congestion
13-12-2024 12:00,Vehicle_9,44,38.26064501,-93.24159003,Moderate,Accident,0,Normal
13-12-2024 12:15,Vehicle_10,46,35.5706049,-115.0129746,Clear,Police Blockade,0,Accident
13-12-2024 12:30,Vehicle_1,77,34.0744262,-83.0825598,Moderate,None,0,Congestion
13-12-2024 12:45,Vehicle_2,69,36.12611664,-75.96956969,Moderate,Police Blockade,0,Accident
13-12-2024 13:00,Vehicle_3,35,36.2462778,-81.24134553,Moderate,Accident,0,Normal
13-12-2024 13:15,Vehicle_4,57,39.55683059,-93.17604126,Light,None,0,Congestion
13-12-2024 13:30,Vehicle_5,102,39.11045662,-81.68259851,Clear,Accident,0,Accident
13-12-2024 13:45,Vehicle_6,105,37.22489636,-80.70750248,Heavy,Accident,0,Normal
13-12-2024 14:00,Vehicle_7,82,38.30881287,-116.1977352,Clear,None,0,Congestion
13-12-2024 14:15,Vehicle_8,117,35.58701679,-77.72961302,Moderate,Accident,0,Normal
13-12-2024 14:30,Vehicle_9,110,38.15331147,-109.2060105,Clear,Traffic Jam,1,Congestion
13-12-2024 14:45,Vehicle_10,81,38.91328454,-114.4644629,Moderate,None,0,Accident
13-12-2024 15:00,Vehicle_1,120,36.23708391,-106.9254915,Moderate,Breakdown,1,Normal
13-12-2024 15:15,Vehicle_2,51,39.89466653,-80.18788584,Light,Breakdown,0,Normal
13-12-2024 15:30,Vehicle_3,31,35.86352628,-78.01800057,Clear,Accident,0,Normal
13-12-2024 15:45,Vehicle_4,37,37.94185811,-92.0593252,Heavy,Accident,1,Congestion
13-12-2024 16:00,Vehicle_5,92,36.78439466,-76.12043352,Heavy,Accident,0,Accident
13-12-2024 16:15,Vehicle_6,92,39.29358698,-117.2900881,Light,Traffic Jam,0,Normal
13-12-2024 16:30,Vehicle_7,74,38.59363951,-109.9871442,Moderate,Breakdown,0,Accident
13-12-2024 16:45,Vehicle_8,106,35.22419675,-109.4932874,Clear,Accident,0,Normal
13-12-2024 17:00,Vehicle_9,118,36.91954944,-112.6888628,Moderate,Breakdown,0,Normal
13-12-2024 17:15,Vehicle_10,68,39.92729607,-78.89973634,Light,Accident,0,Normal
13-12-2024 17:30,Vehicle_1,26,34.42065648,-115.3701042,Heavy,Traffic Jam,0,Congestion
13-12-2024 17:45,Vehicle_2,23,38.93253373,-112.3799126,Clear,Accident,0,Congestion
13-12-2024 18:00,Vehicle_3,53,37.53859585,-103.3076155,Moderate,Police Blockade,0,Accident
13-12-2024 18:15,Vehicle_4,24,35.6603148,-97.47940624,Clear,Breakdown,0,Accident
13-12-2024 18:30,Vehicle_5,79,39.24103931,-80.02857104,Moderate,None,0,Accident
13-12-2024 18:45,Vehicle_6,118,39.75659914,-84.46098525,Heavy,Accident,0,Accident
13-12-2024 19:00,Vehicle_7,40,37.09218869,-104.9540866,Light,Accident,0,Normal
13-12-2024 19:15,Vehicle_8,52,39.73679433,-103.5550065,Light,Accident,0,Congestion
13-12-2024 19:30,Vehicle_9,99,35.22563137,-116.333305,Light,Breakdown,0,Normal
13-12-2024 19:45,Vehicle_10,79,34.46818283,-85.09944657,Moderate,Accident,0,Normal
13-12-2024 20:00,Vehicle_1,75,39.30154438,-83.07524369,Clear,Traffic Jam,1,Congestion
13-12-2024 20:15,Vehicle_2,81,35.22043641,-88.98921688,Clear,Accident,0,Normal
13-12-2024 20:30,Vehicle_3,26,36.68016717,-74.55131873,Light,Accident,0,Normal
13-12-2024 20:45,Vehicle_4,31,34.3748503,-90.68462933,Moderate,Breakdown,0,Congestion
13-12-2024 21:00,Vehicle_5,84,36.60521664,-83.4641617,Clear,Breakdown,0,Accident
13-12-2024 21:15,Vehicle_6,93,35.19983732,-93.87747028,Clear,Traffic Jam,0,Normal
13-12-2024 21:30,Vehicle_7,48,34.63826471,-75.26705151,Heavy,Police Blockade,0,Accident
13-12-2024 21:45,Vehicle_8,56,37.04798298,-102.0569117,Light,Accident,1,Congestion
13-12-2024 22:00,Vehicle_9,47,35.0724185,-98.08978773,Heavy,None,0,Accident
13-12-2024 22:15,Vehicle_10,42,35.86013327,-92.16908319,Light,Breakdown,1,Congestion
13-12-2024 22:30,Vehicle_1,45,36.7215256,-110.6735662,Heavy,None,0,Accident
13-12-2024 22:45,Vehicle_2,20,39.60619022,-117.4886558,Light,Breakdown,1,Congestion
13-12-2024 23:00,Vehicle_3,101,34.24932977,-75.09415139,Moderate,Accident,1,Congestion
13-12-2024 23:15,Vehicle_4,78,39.88908,-101.3361076,Clear,None,1,Accident
13-12-2024 23:30,Vehicle_5,32,38.79682635,-88.94986256,Heavy,Accident,0,Normal
13-12-2024 23:45,Vehicle_6,23,37.06561633,-90.57480245,Moderate,Police Blockade,0,Normal
14-12-2024 00:00,Vehicle_7,62,37.2368767,-83.76641518,Heavy,Breakdown,0,Congestion
14-12-2024 00:15,Vehicle_8,59,35.97714292,-105.159331,Heavy,Police Blockade,0,Normal
14-12-2024 00:30,Vehicle_9,77,36.55411684,-92.71820474,Heavy,Accident,0,Accident
14-12-2024 00:45,Vehicle_10,101,34.92360929,-106.0936705,Light,Police Blockade,0,Congestion
14-12-2024 01:00,Vehicle_1,120,35.46216135,-103.3954356,Light,Traffic Jam,0,Accident
14-12-2024 01:15,Vehicle_2,90,37.29052838,-100.0074485,Moderate,None,0,Accident
14-12-2024 01:30,Vehicle_3,33,35.43668263,-74.58457542,Heavy,Police Blockade,0,Accident
14-12-2024 01:45,Vehicle_4,39,39.5676973,-117.8766894,Light,Traffic Jam,0,Accident
14-12-2024 02:00,Vehicle_5,29,34.1493883,-115.5094682,Moderate,Traffic Jam,0,Normal
14-12-2024 02:15,Vehicle_6,79,35.8024353,-97.19363063,Light,Police Blockade,1,Normal
14-12-2024 02:30,Vehicle_7,77,34.38063595,-89.70986042,Heavy,Police Blockade,0,Accident
14-12-2024 02:45,Vehicle_8,65,36.17021409,-100.7396823,Light,Accident,0,Normal
14-12-2024 03:00,Vehicle_9,85,37.24338668,-103.8203229,Moderate,Traffic Jam,0,Accident
14-12-2024 03:15,Vehicle_10,101,38.20425845,-101.1075649,Clear,None,0,Normal
14-12-2024 03:30,Vehicle_1,52,37.78629343,-77.75243496,Clear,None,0,Accident
14-12-2024 03:45,Vehicle_2,44,39.83952606,-87.41194125,Clear,Accident,0,Congestion
14-12-2024 04:00,Vehicle_3,93,37.3151594,-107.7140246,Clear,Traffic Jam,0,Congestion
14-12-2024 04:15,Vehicle_4,110,36.29347868,-104.651428,Light,Breakdown,1,Accident
14-12-2024 04:30,Vehicle_5,108,35.7961844,-115.6974431,Moderate,Traffic Jam,0,Normal
14-12-2024 04:45,Vehicle_6,94,39.14765717,-105.4115317,Clear,Traffic Jam,0,Congestion
14-12-2024 05:00,Vehicle_7,59,37.64141663,-109.3677021,Moderate,Breakdown,0,Normal
14-12-2024 05:15,Vehicle_8,115,35.32270432,-107.1141078,Heavy,Accident,1,Normal
14-12-2024 05:30,Vehicle_9,59,37.97685675,-102.6469562,Clear,None,0,Normal
14-12-2024 05:45,Vehicle_10,56,37.77188524,-77.44616399,Heavy,Accident,1,Accident
14-12-2024 06:00,Vehicle_1,64,34.98551978,-76.90913419,Clear,Police Blockade,0,Congestion
14-12-2024 06:15,Vehicle_2,92,38.49371692,-108.7442942,Moderate,Breakdown,0,Congestion
14-12-2024 06:30,Vehicle_3,33,38.38137835,-74.73810354,Light,Police Blockade,0,Normal
14-12-2024 06:45,Vehicle_4,43,35.03413129,-92.17637807,Heavy,Breakdown,0,Congestion
14-12-2024 07:00,Vehicle_5,107,34.59122931,-115.0404931,Moderate,Traffic Jam,0,Accident
14-12-2024 07:15,Vehicle_6,60,39.65390256,-88.85035257,Clear,Breakdown,0,Congestion
14-12-2024 07:30,Vehicle_7,114,39.63529853,-114.0796039,Clear,Accident,0,Accident
14-12-2024 07:45,Vehicle_8,35,34.8951195,-99.98540665,Clear,Traffic Jam,0,Congestion
14-12-2024 08:00,Vehicle_9,105,37.05541007,-103.4103726,Moderate,Traffic Jam,1,Normal
14-12-2024 08:15,Vehicle_10,66,39.25981741,-117.7476509,Light,Accident,1,Accident
14-12-2024 08:30,Vehicle_1,100,35.71701122,-77.52766325,Heavy,None,0,Normal
14-12-2024 08:45,Vehicle_2,30,39.36165879,-100.4336555,Heavy,None,0,Normal
14-12-2024 09:00,Vehicle_3,93,38.70881903,-93.01304968,Heavy,Accident,0,Accident
14-12-2024 09:15,Vehicle_4,108,34.14065065,-89.23585565,Heavy,None,0,Accident
14-12-2024 09:30,Vehicle_5,77,36.03847182,-112.3326499,Light,Accident,0,Accident
14-12-2024 09:45,Vehicle_6,85,37.65332329,-80.64594605,Heavy,None,0,Congestion
14-12-2024 10:00,Vehicle_7,120,34.19250017,-109.4373321,Heavy,Police Blockade,0,Accident
14-12-2024 10:15,Vehicle_8,75,37.8159447,-86.00588974,Heavy,Traffic Jam,0,Normal
14-12-2024 10:30,Vehicle_9,110,35.8652849,-103.0307428,Moderate,None,0,Normal
14-12-2024 10:45,Vehicle_10,103,37.56370107,-75.68733378,Light,None,0,Accident
14-12-2024 11:00,Vehicle_1,103,35.47867813,-90.92335277,Light,Traffic Jam,0,Congestion
14-12-2024 11:15,Vehicle_2,20,35.14813734,-114.5298848,Light,Traffic Jam,0,Congestion
14-12-2024 11:30,Vehicle_3,109,36.11160692,-114.4876472,Heavy,Police Blockade,0,Normal
14-12-2024 11:45,Vehicle_4,114,39.65442354,-78.14976758,Moderate,Accident,1,Normal
14-12-2024 12:00,Vehicle_5,29,36.69086731,-88.86782537,Light,Traffic Jam,0,Accident
14-12-2024 12:15,Vehicle_6,21,34.88407168,-98.4797805,Moderate,Police Blockade,0,Normal
14-12-2024 12:30,Vehicle_7,21,37.0558799,-74.31546584,Heavy,Accident,0,Accident
14-12-2024 12:45,Vehicle_8,29,35.13365282,-113.5304197,Clear,Accident,0,Accident
14-12-2024 13:00,Vehicle_9,45,37.76275088,-117.9141031,Heavy,Breakdown,1,Accident
14-12-2024 13:15,Vehicle_10,85,38.74904057,-93.41608507,Moderate,None,0,Accident
14-12-2024 13:30,Vehicle_1,24,35.84325235,-89.24853616,Moderate,Police Blockade,0,Congestion
14-12-2024 13:45,Vehicle_2,33,39.74630129,-81.36206784,Light,Accident,1,Accident
14-12-2024 14:00,Vehicle_3,78,39.55554882,-91.57545298,Moderate,Traffic Jam,1,Normal
14-12-2024 14:15,Vehicle_4,70,34.76057265,-98.54471362,Light,Police Blockade,0,Normal
14-12-2024 14:30,Vehicle_5,93,35.12719464,-116.9681415,Moderate,None,0,Congestion
14-12-2024 14:45,Vehicle_6,76,35.89840314,-117.8539529,Light,Traffic Jam,0,Accident
14-12-2024 15:00,Vehicle_7,88,34.07180188,-101.7223771,Light,Police Blockade,0,Accident
14-12-2024 15:15,Vehicle_8,47,34.08945189,-86.3009558,Moderate,Accident,0,Congestion
14-12-2024 15:30,Vehicle_9,89,35.79210307,-111.8100574,Light,Breakdown,0,Congestion
14-12-2024 15:45,Vehicle_10,73,36.39556408,-111.7686389,Heavy,None,0,Accident
14-12-2024 16:00,Vehicle_1,88,37.71446436,-93.20753381,Heavy,Accident,0,Accident
14-12-2024 16:15,Vehicle_2,57,37.68035741,-108.7807711,Heavy,Accident,0,Normal
14-12-2024 16:30,Vehicle_3,23,38.6061169,-78.8028694,Clear,Accident,0,Normal
14-12-2024 16:45,Vehicle_4,68,34.092318,-117.9492904,Heavy,Breakdown,0,Accident
14-12-2024 17:00,Vehicle_5,33,38.16473595,-96.85846638,Clear,Accident,0,Congestion
14-12-2024 17:15,Vehicle_6,99,36.46099852,-88.25306742,Light,Traffic Jam,0,Normal
14-12-2024 17:30,Vehicle_7,68,34.4634138,-81.05984933,Clear,Police Blockade,0,Normal
14-12-2024 17:45,Vehicle_8,112,35.0186911,-95.90263172,Light,Police Blockade,1,Normal
14-12-2024 18:00,Vehicle_9,111,37.39355276,-101.2216988,Heavy,Traffic Jam,0,Congestion
14-12-2024 18:15,Vehicle_10,103,39.58287825,-96.90354209,Moderate,Traffic Jam,0,Normal
14-12-2024 18:30,Vehicle_1,116,38.55251331,-85.27428427,Heavy,Accident,0,Congestion
14-12-2024 18:45,Vehicle_2,66,39.56846421,-113.9540343,Moderate,Traffic Jam,0,Congestion
14-12-2024 19:00,Vehicle_3,110,34.37204872,-84.35512132,Moderate,Breakdown,0,Normal
14-12-2024 19:15,Vehicle_4,50,38.65855301,-103.9688667,Heavy,Traffic Jam,0,Normal
14-12-2024 19:30,Vehicle_5,82,39.05334576,-77.5061044,Light,Traffic Jam,0,Congestion
14-12-2024 19:45,Vehicle_6,60,38.27479218,-93.90623025,Heavy,Breakdown,0,Accident
14-12-2024 20:00,Vehicle_7,113,34.10084448,-87.6182738,Heavy,Police Blockade,0,Congestion
14-12-2024 20:15,Vehicle_8,82,36.8943527,-76.81319557,Clear,None,0,Normal
14-12-2024 20:30,Vehicle_9,35,34.45207852,-97.17308549,Moderate,Traffic Jam,0,Normal
14-12-2024 20:45,Vehicle_10,111,39.91841941,-89.74260616,Clear,None,0,Normal
14-12-2024 21:00,Vehicle_1,63,34.97916607,-95.4563446,Heavy,Traffic Jam,1,Accident
14-12-2024 21:15,Vehicle_2,100,39.4446385,-99.79513116,Heavy,Police Blockade,0,Accident
14-12-2024 21:30,Vehicle_3,94,34.8930589,-112.5560191,Moderate,Breakdown,0,Normal
14-12-2024 21:45,Vehicle_4,37,34.65624829,-101.9969185,Light,Police Blockade,0,Normal
14-12-2024 22:00,Vehicle_5,120,34.55347716,-76.64818945,Moderate,Police Blockade,0,Congestion
14-12-2024 22:15,Vehicle_6,35,39.92907455,-90.34006569,Light,None,0,Normal
14-12-2024 22:30,Vehicle_7,89,36.59950064,-83.12549019,Light,Police Blockade,0,Congestion
14-12-2024 22:45,Vehicle_8,66,37.93913879,-117.7816456,Moderate,None,0,Accident
14-12-2024 23:00,Vehicle_9,33,37.21650772,-93.07357891,Light,None,0,Congestion
14-12-2024 23:15,Vehicle_10,78,34.69498879,-103.0071557,Clear,Traffic Jam,0,Normal
14-12-2024 23:30,Vehicle_1,120,37.76967156,-80.24543917,Heavy,None,0,Congestion
14-12-2024 23:45,Vehicle_2,74,36.14815594,-105.0407296,Heavy,Police Blockade,0,Normal
15-12-2024 00:00,Vehicle_3,20,34.55958039,-117.2515547,Light,Police Blockade,0,Normal
15-12-2024 00:15,Vehicle_4,47,35.5294489,-88.33936432,Clear,Accident,0,Congestion
15-12-2024 00:30,Vehicle_5,49,35.93575005,-102.5715534,Light,None,0,Accident
15-12-2024 00:45,Vehicle_6,25,36.31639914,-107.8056954,Light,Accident,1,Accident
15-12-2024 01:00,Vehicle_7,61,39.77218291,-112.1550885,Light,Breakdown,0,Congestion
15-12-2024 01:15,Vehicle_8,62,37.56415064,-118.456211,Moderate,None,0,Normal
15-12-2024 01:30,Vehicle_9,111,38.01322276,-99.83798019,Moderate,None,1,Accident
15-12-2024 01:45,Vehicle_10,87,39.93073392,-112.6774363,Clear,Breakdown,1,Accident
15-12-2024 02:00,Vehicle_1,113,36.31987372,-113.6829023,Light,None,0,Normal
15-12-2024 02:15,Vehicle_2,57,34.38183273,-95.09179605,Moderate,None,1,Accident
15-12-2024 02:30,Vehicle_3,99,39.63904182,-106.673294,Clear,Accident,0,Accident
15-12-2024 02:45,Vehicle_4,68,37.54374487,-97.80716586,Light,None,0,Accident
15-12-2024 03:00,Vehicle_5,64,36.32029367,-75.53020227,Clear,Police Blockade,0,Congestion
15-12-2024 03:15,Vehicle_6,28,36.65113999,-75.22809354,Clear,Accident,0,Accident
15-12-2024 03:30,Vehicle_7,64,35.72417144,-108.8967718,Clear,None,0,Accident
15-12-2024 03:45,Vehicle_8,47,35.80250312,-110.9338669,Moderate,Police Blockade,0,Congestion
15-12-2024 04:00,Vehicle_9,90,38.31406059,-88.19427569,Moderate,Breakdown,1,Congestion
15-12-2024 04:15,Vehicle_10,48,35.52946088,-89.81619842,Heavy,Traffic Jam,0,Accident
15-12-2024 04:30,Vehicle_1,20,39.92787002,-108.7814513,Heavy,Police Blockade,1,Normal
15-12-2024 04:45,Vehicle_2,85,34.88206141,-78.64167029,Heavy,Breakdown,0,Congestion
15-12-2024 05:00,Vehicle_3,100,34.5620193,-79.87468182,Heavy,None,0,Accident
15-12-2024 05:15,Vehicle_4,120,38.49542998,-91.02423225,Heavy,Breakdown,0,Congestion
15-12-2024 05:30,Vehicle_5,80,39.76966983,-74.00918073,Clear,Accident,0,Accident
15-12-2024 05:45,Vehicle_6,42,35.03492131,-89.60894725,Light,Accident,0,Accident
15-12-2024 06:00,Vehicle_7,41,36.6137289,-90.53063487,Light,Traffic Jam,0,Congestion
15-12-2024 06:15,Vehicle_8,42,36.9903656,-99.98410956,Clear,None,0,Congestion
15-12-2024 06:30,Vehicle_9,120,37.92623058,-94.82625316,Heavy,None,0,Congestion
15-12-2024 06:45,Vehicle_10,64,38.46186917,-80.01672427,Light,Traffic Jam,1,Normal
15-12-2024 07:00,Vehicle_1,24,34.1299675,-103.9356546,Light,Accident,0,Accident
15-12-2024 07:15,Vehicle_2,65,35.82077765,-81.38417206,Light,Accident,0,Congestion
15-12-2024 07:30,Vehicle_3,99,38.22761735,-100.5461651,Heavy,Traffic Jam,1,Normal
15-12-2024 07:45,Vehicle_4,22,38.05610171,-103.0320855,Moderate,None,0,Congestion
15-12-2024 08:00,Vehicle_5,54,39.70812756,-117.6446063,Heavy,Breakdown,0,Congestion
15-12-2024 08:15,Vehicle_6,116,39.11567716,-79.35954396,Light,Breakdown,0,Normal
15-12-2024 08:30,Vehicle_7,99,39.25322368,-111.6925951,Heavy,Traffic Jam,0,Congestion
15-12-2024 08:45,Vehicle_8,75,38.09397865,-82.75407552,Clear,Accident,0,Congestion
15-12-2024 09:00,Vehicle_9,61,39.92145471,-75.45850837,Heavy,Breakdown,0,Congestion
15-12-2024 09:15,Vehicle_10,104,36.74499096,-89.77690181,Light,None,0,Accident
15-12-2024 09:30,Vehicle_1,112,37.96262156,-108.7235717,Light,Breakdown,0,Normal
15-12-2024 09:45,Vehicle_2,58,37.74860144,-86.43705272,Light,Breakdown,1,Normal
15-12-2024 10:00,Vehicle_3,61,38.37748291,-113.9805354,Light,Police Blockade,0,Normal
15-12-2024 10:15,Vehicle_4,115,34.44498776,-117.8424192,Moderate,None,0,Accident
15-12-2024 10:30,Vehicle_5,44,35.65291481,-75.22047917,Moderate,Traffic Jam,0,Accident
15-12-2024 10:45,Vehicle_6,36,38.64216244,-86.49175717,Clear,None,0,Congestion
15-12-2024 11:00,Vehicle_7,60,39.46892678,-112.253195,Clear,Traffic Jam,0,Congestion
15-12-2024 11:15,Vehicle_8,105,37.94230154,-105.0968787,Light,Police Blockade,0,Normal
15-12-2024 11:30,Vehicle_9,41,35.0799783,-89.21868916,Light,None,0,Congestion
15-12-2024 11:45,Vehicle_10,27,38.98338424,-91.1696892,Heavy,Police Blockade,0,Accident
15-12-2024 12:00,Vehicle_1,71,35.35455525,-113.2120933,Heavy,Police Blockade,0,Accident
15-12-2024 12:15,Vehicle_2,25,37.1296934,-111.8550612,Heavy,None,1,Accident
15-12-2024 12:30,Vehicle_3,21,36.48984378,-92.45818008,Heavy,Police Blockade,0,Normal
15-12-2024 12:45,Vehicle_4,82,35.55002381,-96.10021897,Clear,Traffic Jam,0,Congestion
15-12-2024 13:00,Vehicle_5,29,37.05043921,-108.252702,Light,None,0,Congestion
15-12-2024 13:15,Vehicle_6,93,35.40283487,-104.2661419,Moderate,None,0,Accident
15-12-2024 13:30,Vehicle_7,118,38.08660474,-109.7573499,Clear,Breakdown,0,Congestion
15-12-2024 13:45,Vehicle_8,38,36.44396364,-75.07010516,Moderate,None,0,Normal
15-12-2024 14:00,Vehicle_9,33,39.73028988,-109.695395,Heavy,None,0,Congestion
15-12-2024 14:15,Vehicle_10,106,39.59374234,-82.86976764,Heavy,None,0,Congestion
15-12-2024 14:30,Vehicle_1,115,37.69283848,-108.7622672,Clear,None,0,Normal
15-12-2024 14:45,Vehicle_2,30,35.17316674,-79.9855826,Light,Accident,0,Accident
15-12-2024 15:00,Vehicle_3,29,34.62367743,-118.0226192,Heavy,Accident,0,Normal
15-12-2024 15:15,Vehicle_4,114,34.0930955,-102.4300902,Heavy,Police Blockade,0,Accident
15-12-2024 15:30,Vehicle_5,65,34.80952978,-94.76231918,Heavy,Breakdown,0,Congestion
15-12-2024 15:45,Vehicle_6,20,38.83048743,-94.61905415,Heavy,Police Blockade,0,Accident
15-12-2024 16:00,Vehicle_7,100,39.75634546,-102.3647646,Moderate,Breakdown,0,Accident
15-12-2024 16:15,Vehicle_8,100,37.94714865,-94.09159319,Clear,Traffic Jam,0,Normal
15-12-2024 16:30,Vehicle_9,34,34.17735881,-109.5322983,Heavy,Breakdown,0,Accident
15-12-2024 16:45,Vehicle_10,63,35.58517958,-85.93350323,Heavy,Breakdown,0,Congestion
15-12-2024 17:00,Vehicle_1,83,37.75133286,-73.73829547,Moderate,Traffic Jam,0,Normal
15-12-2024 17:15,Vehicle_2,54,38.09828754,-106.3293047,Light,Accident,0,Normal
15-12-2024 17:30,Vehicle_3,103,34.4803451,-94.44026355,Light,Breakdown,0,Normal
15-12-2024 17:45,Vehicle_4,48,36.82168157,-108.6213705,Heavy,None,0,Accident
15-12-2024 18:00,Vehicle_5,74,34.49276956,-93.8183516,Heavy,Traffic Jam,1,Accident
15-12-2024 18:15,Vehicle_6,21,35.16973211,-83.23429813,Clear,Traffic Jam,0,Normal
15-12-2024 18:30,Vehicle_7,97,39.22557714,-97.25306662,Light,Police Blockade,1,Congestion
15-12-2024 18:45,Vehicle_8,94,38.58743088,-92.62320873,Heavy,Traffic Jam,1,Accident
15-12-2024 19:00,Vehicle_9,73,37.80200953,-74.83090548,Moderate,Traffic Jam,0,Normal
15-12-2024 19:15,Vehicle_10,94,36.10047037,-93.76710482,Heavy,Traffic Jam,1,Congestion
15-12-2024 19:30,Vehicle_1,68,35.61766443,-74.3895154,Light,Police Blockade,0,Normal
15-12-2024 19:45,Vehicle_2,101,35.4835902,-110.497789,Light,Accident,1,Normal
15-12-2024 20:00,Vehicle_3,119,39.13772647,-77.50378262,Light,Accident,0,Normal
15-12-2024 20:15,Vehicle_4,23,34.30375913,-111.5776199,Clear,Police Blockade,0,Accident
15-12-2024 20:30,Vehicle_5,33,34.03733466,-111.2002573,Light,None,0,Accident
15-12-2024 20:45,Vehicle_6,26,35.1833362,-107.8011875,Heavy,Traffic Jam,0,Normal
15-12-2024 21:00,Vehicle_7,119,38.83121908,-114.5261418,Light,None,0,Accident
15-12-2024 21:15,Vehicle_8,65,37.71404082,-117.2236325,Light,Accident,0,Normal
15-12-2024 21:30,Vehicle_9,106,39.14243896,-78.90973339,Clear,Breakdown,1,Normal
15-12-2024 21:45,Vehicle_10,34,36.90869677,-105.3679184,Heavy,Traffic Jam,0,Accident
15-12-2024 22:00,Vehicle_1,87,38.16993728,-100.9941251,Clear,Traffic Jam,0,Accident
15-12-2024 22:15,Vehicle_2,88,36.89525846,-85.69454473,Light,None,1,Accident
15-12-2024 22:30,Vehicle_3,107,34.38340841,-83.62641391,Clear,None,0,Congestion
15-12-2024 22:45,Vehicle_4,119,38.5898621,-105.7161407,Heavy,Breakdown,1,Normal
15-12-2024 23:00,Vehicle_5,101,34.39310802,-84.34897802,Light,Breakdown,0,Congestion
15-12-2024 23:15,Vehicle_6,102,35.22226804,-110.5342967,Clear,Accident,1,Congestion
15-12-2024 23:30,Vehicle_7,37,36.85349621,-97.30100988,Clear,Traffic Jam,1,Accident
15-12-2024 23:45,Vehicle_8,21,38.84959402,-115.3090891,Moderate,Traffic Jam,0,Normal
16-12-2024 00:00,Vehicle_9,93,35.79455773,-87.24940663,Heavy,None,0,Congestion
16-12-2024 00:15,Vehicle_10,102,37.35874173,-88.46154849,Moderate,Traffic Jam,1,Congestion
16-12-2024 00:30,Vehicle_1,92,35.67977965,-90.55379257,Clear,Traffic Jam,0,Accident
16-12-2024 00:45,Vehicle_2,24,37.74016301,-84.4448708,Heavy,Accident,1,Congestion
16-12-2024 01:00,Vehicle_3,38,37.92095518,-76.61897527,Clear,Traffic Jam,0,Normal
16-12-2024 01:15,Vehicle_4,80,37.57378413,-96.37274353,Light,Traffic Jam,0,Congestion
16-12-2024 01:30,Vehicle_5,46,35.82201182,-114.3957916,Clear,None,0,Accident
16-12-2024 01:45,Vehicle_6,65,38.73963491,-113.3344101,Light,Police Blockade,0,Normal
16-12-2024 02:00,Vehicle_7,54,39.47677951,-75.1216663,Light,Police Blockade,0,Normal
16-12-2024 02:15,Vehicle_8,112,38.24703319,-96.87148311,Clear,None,0,Congestion
16-12-2024 02:30,Vehicle_9,33,35.65485621,-109.7996824,Moderate,Breakdown,0,Accident
16-12-2024 02:45,Vehicle_10,92,35.09760861,-81.66897749,Moderate,None,0,Normal
16-12-2024 03:00,Vehicle_1,96,39.87078495,-76.38287349,Heavy,Breakdown,0,Congestion
16-12-2024 03:15,Vehicle_2,60,38.70736498,-118.0804975,Clear,None,0,Accident
16-12-2024 03:30,Vehicle_3,28,37.70619793,-79.20485352,Clear,Breakdown,0,Accident
16-12-2024 03:45,Vehicle_4,22,34.25984349,-94.68311397,Clear,None,0,Normal
16-12-2024 04:00,Vehicle_5,96,38.48987944,-91.59109863,Heavy,Police Blockade,0,Congestion
16-12-2024 04:15,Vehicle_6,50,35.63348073,-85.80903486,Moderate,Traffic Jam,0,Accident
16-12-2024 04:30,Vehicle_7,110,39.12356919,-82.96017363,Moderate,None,0,Normal
16-12-2024 04:45,Vehicle_8,72,37.39557824,-106.7760272,Light,Traffic Jam,0,Accident
16-12-2024 05:00,Vehicle_9,28,38.25353734,-104.5926289,Light,Breakdown,0,Congestion
16-12-2024 05:15,Vehicle_10,22,35.60298021,-83.5654418,Light,Accident,0,Normal
16-12-2024 05:30,Vehicle_1,53,34.67148918,-77.26083466,Light,None,0,Congestion
16-12-2024 05:45,Vehicle_2,90,36.17542725,-108.2231365,Clear,Accident,0,Normal
16-12-2024 06:00,Vehicle_3,114,39.99239668,-74.74051507,Light,Police Blockade,0,Normal
16-12-2024 06:15,Vehicle_4,90,34.51432133,-94.15269639,Light,None,1,Accident
16-12-2024 06:30,Vehicle_5,47,36.15408109,-105.4851411,Clear,Police Blockade,0,Congestion
16-12-2024 06:45,Vehicle_6,30,34.75983475,-82.46274925,Moderate,Traffic Jam,0,Congestion
16-12-2024 07:00,Vehicle_7,21,37.52676471,-83.82744746,Moderate,Traffic Jam,0,Accident
16-12-2024 07:15,Vehicle_8,71,38.15073793,-99.66977376,Moderate,Accident,0,Normal
16-12-2024 07:30,Vehicle_9,20,37.89990461,-95.98319718,Light,Police Blockade,0,Congestion
16-12-2024 07:45,Vehicle_10,86,38.25568612,-80.86526646,Clear,Breakdown,0,Normal
16-12-2024 08:00,Vehicle_1,62,36.7193123,-113.8984468,Heavy,None,0,Congestion
16-12-2024 08:15,Vehicle_2,34,36.85240751,-92.52832939,Moderate,Traffic Jam,0,Accident
16-12-2024 08:30,Vehicle_3,84,34.79432643,-113.2086722,Heavy,Accident,0,Accident
16-12-2024 08:45,Vehicle_4,25,36.51549645,-99.87097677,Clear,Breakdown,0,Congestion
16-12-2024 09:00,Vehicle_5,116,38.68243432,-91.72488276,Moderate,None,0,Normal
16-12-2024 09:15,Vehicle_6,90,35.35997891,-117.1300535,Heavy,Police Blockade,0,Accident
16-12-2024 09:30,Vehicle_7,24,39.69052454,-92.4487743,Clear,Police Blockade,0,Accident
16-12-2024 09:45,Vehicle_8,78,38.04586516,-97.36207316,Moderate,Traffic Jam,1,Normal
16-12-2024 10:00,Vehicle_9,42,38.36734249,-82.68830844,Moderate,Police Blockade,0,Normal
16-12-2024 10:15,Vehicle_10,94,34.74201376,-100.1105518,Heavy,Police Blockade,0,Accident
16-12-2024 10:30,Vehicle_1,43,36.85474052,-111.7029191,Moderate,Police Blockade,1,Normal
16-12-2024 10:45,Vehicle_2,57,36.88506778,-90.97544729,Light,Accident,0,Congestion
16-12-2024 11:00,Vehicle_3,119,35.60645549,-106.2788274,Clear,Traffic Jam,0,Accident
16-12-2024 11:15,Vehicle_4,75,35.51822408,-86.49972438,Clear,Traffic Jam,0,Accident
16-12-2024 11:30,Vehicle_5,70,34.38259008,-88.08037756,Moderate,Traffic Jam,0,Accident
16-12-2024 11:45,Vehicle_6,104,35.72964022,-90.44318755,Heavy,Accident,0,Congestion
16-12-2024 12:00,Vehicle_7,101,36.43771733,-91.14100359,Clear,Breakdown,0,Accident
16-12-2024 12:15,Vehicle_8,69,35.07207494,-109.4482218,Moderate,Breakdown,0,Normal
16-12-2024 12:30,Vehicle_9,60,34.13279059,-79.74249997,Clear,Police Blockade,0,Congestion
16-12-2024 12:45,Vehicle_10,110,35.52602623,-99.1605809,Clear,Traffic Jam,0,Accident
16-12-2024 13:00,Vehicle_1,78,35.37997511,-103.9862659,Heavy,Breakdown,0,Congestion
16-12-2024 13:15,Vehicle_2,32,35.79547306,-106.4103154,Moderate,None,0,Normal
16-12-2024 13:30,Vehicle_3,42,36.8632164,-97.78871501,Light,None,0,Accident
16-12-2024 13:45,Vehicle_4,93,37.16338528,-114.0116922,Light,Accident,0,Congestion
16-12-2024 14:00,Vehicle_5,33,38.37554775,-116.2839111,Light,Accident,1,Congestion
16-12-2024 14:15,Vehicle_6,34,36.11308425,-76.84709767,Moderate,Accident,1,Congestion
16-12-2024 14:30,Vehicle_7,93,39.17786778,-80.77987706,Clear,Accident,0,Normal
16-12-2024 14:45,Vehicle_8,115,35.25466516,-88.11236914,Light,Breakdown,0,Accident
16-12-2024 15:00,Vehicle_9,45,39.21456968,-87.2292659,Heavy,None,0,Congestion
16-12-2024 15:15,Vehicle_10,95,36.52170884,-77.69736386,Clear,Traffic Jam,0,Congestion
16-12-2024 15:30,Vehicle_1,84,34.37181686,-107.8348587,Clear,Traffic Jam,0,Congestion
16-12-2024 15:45,Vehicle_2,48,39.13509461,-104.4755722,Heavy,Accident,1,Congestion
16-12-2024 16:00,Vehicle_3,60,39.77859057,-86.06175014,Light,Police Blockade,0,Normal
16-12-2024 16:15,Vehicle_4,47,36.76375652,-81.5601799,Heavy,None,0,Normal
16-12-2024 16:30,Vehicle_5,20,39.05847892,-91.12736836,Clear,Accident,0,Accident
16-12-2024 16:45,Vehicle_6,55,39.01233589,-97.99663351,Clear,Accident,0,Normal
16-12-2024 17:00,Vehicle_7,35,36.23672514,-101.0547004,Moderate,Traffic Jam,0,Congestion
16-12-2024 17:15,Vehicle_8,103,37.63107048,-91.82133863,Moderate,Traffic Jam,0,Normal
16-12-2024 17:30,Vehicle_9,43,35.45136818,-117.324088,Heavy,Police Blockade,0,Accident
16-12-2024 17:45,Vehicle_10,119,36.69938668,-86.33412067,Heavy,None,0,Congestion
